region	HLA_gene	HLA_type_1	HLA_type_2	missMatchseq1	logR_type1	TumorCov_type1	missMatchseq2	logR_type2	TumorCov_type2	NormalCov_type1	NormalCov_type2	logRcombined	BAFcombined	binlogRCombined	binlogRtype1	binlogRtype2	binNum	combinedBinTumor	combinedBinNormal	sumBinTumor	sumBinNormal	nAcombined	nBcombined	nAcombinedBin	nBcombinedBin	nAsep	nAsepBin	nBsep	nBsepBin	expectedBAF
sample_3	hla_a	hla_a_01_01_01_01	hla_a_24_03_01	1326	-0.534169835805	5	1326	0.913289141167	25.0	6	11	0.548292324387	0.166666666667	-0.0867108588334	-0.339887191846	0.169437161415	1277	25.0	22	3310	2774	0.437588224209	2.94519750906	0.214373003778	1.8291214069	0.698797524714	0.826823350655	2.23280850768	1.25703911551	0.268292682927
sample_3	hla_a	hla_a_01_01_01_01	hla_a_24_03_01	1330	-0.534169835805	5	1330	0.854395452113	24.0	6	11	0.499382723906	0.172413793103	-0.0867108588334	-0.339887191846	0.169437161415	1277	25.0	22	3310	2774	0.437588224209	2.81981704481	0.228293248632	1.81520116204	0.698797524714	0.826823350655	2.13592360349	1.25703911551	0.276381909548
sample_3	hla_a	hla_a_01_01_01_01	hla_a_24_03_01	1389	-0.271135429971	8	1389	-0.65815855308	13.0	8	17	-0.522674196967	0.380952380952	-0.0867108588334	-0.339887191846	0.169437161415	1277	25.0	22	3310	2774	0.492755628476	0.9190492069	0.73339927621	1.31009513447	0.876419849058	0.826823350655	0.625658920573	1.25703911551	0.566666666667
sample_3	hla_a	hla_a_01_01_01_01	hla_a_24_03_01	1505	0.31382707075	12	1505	0.0767878734495	14.0	8	11	0.181376774727	0.461538461538	0.0658995573067	0.188296188666	-0.030127330467	1427	24.0	19	3462	3000	1.15687615065	1.38124119193	1.05332305468	1.26042924663	1.40928682209	1.27607007883	1.16707456162	1.07018965743	0.540983606557
sample_3	hla_a	hla_a_01_01_01_01	hla_a_24_03_01	1509	0.243437742859	10	1509	0.269432951392	16.0	7	11	0.259379286728	0.384615384615	0.0658995573067	0.188296188666	-0.030127330467	1427	24.0	19	3462	3000	0.994834731953	1.70532402933	0.846216862732	1.46753543857	1.3331629688	1.27607007883	1.36084436999	1.07018965743	0.495495495495
sample_3	hla_a	hla_a_01_01_01_01	hla_a_24_03_01	1516	0.243437742859	10	1516	0.176323547	15.0	7	11	0.202795758362	0.4	0.0658995573067	0.188296188666	-0.030127330467	1427	24.0	19	3462	3000	0.994834731953	1.58690914643	0.887638101122	1.42611420018	1.3331629688	1.27607007883	1.26395946581	1.07018965743	0.511627906977
sample_3	hla_a	hla_a_01_01_01_01	hla_a_24_03_01	1542	-0.271135429971	7	1542	0.356895792642	17.0	7	11	0.143902069308	0.291666666667	0.0658995573067	0.188296188666	-0.030127330467	1427	24.0	19	3462	3000	0.639590083267	1.82373891222	0.595963547463	1.71778875384	0.876419849058	1.27607007883	1.45772927418	1.07018965743	0.392857142857
sample_3	hla_a	hla_a_01_01_01_01	hla_a_24_03_01	1575	-0.534169835805	5	1575	-0.030127330467	13.0	6	11	-0.188673269779	0.277777777778	0.0658995573067	0.188296188666	-0.030127330467	1427	24.0	19	3462	3000	0.437588224209	1.44063193815	0.558569373917	1.75518292739	0.698797524714	1.27607007883	1.07018965743	1.07018965743	0.413533834586
sample_3	hla_a	hla_a_01_01_01_01	hla_a_24_03_01	1655	0.465830164195	10	1655	-1.19713484853	10.0	6	19	-0.593063524858	0.5	-0.0784903520284	0.243437742859	-0.386612647391	1577	24.0	21	2801	2726	0.663273059846	0.663273059846	1.02866755564	1.02866755564	1.58690914643	1.3331629688	0.371598506187	0.794440314745	0.76
sample_3	hla_a	hla_a_01_01_01_01	hla_a_24_03_01	1698	-0.119132336526	10	1698	-0.271135429971	14.0	9	14	-0.209734885307	0.416666666667	-0.0784903520284	0.243437742859	-0.386612647391	1577	24.0	21	2801	2726	0.737411073485	1.10810114168	0.825670613531	1.23166449774	0.994834731953	1.3331629688	0.876419849058	0.794440314745	0.526315789474
sample_3	hla_a	hla_a_01_01_01_01	hla_a_24_03_01	1808	-0.00810102413704	12	1808	-0.560642047166	9.0	10	11	-0.271135429971	0.571428571429	-0.00810102413704	-0.271135429971	0.0767878734495	1727	24.0	20	3539	3002	1.02866755564	0.724172142478	1.27226388617	0.906869390374	1.08956663827	0.876419849058	0.682650040683	1.16707456162	0.594594594595
sample_3	hla_a	hla_a_01_01_01_01	hla_a_24_03_01	1922	0.143902069308	8	1922	0.465830164195	15.0	6	9	0.345535930478	0.347826086957	0.243437742859	-0.493527851307	0.558939568587	1877	20.0	14	1745	1226	0.947468778795	1.94215379512	0.869800383554	1.79652555404	1.23166449774	0.724172142478	1.58690914643	1.70532402933	0.444444444444
sample_3	hla_a	hla_a_01_01_01_01	hla_a_24_03_01	2057	-1.85609793069	4	2057	0.42930428817	13.0	12	8	-0.505600683608	0.235294117647	-0.0487430086344	-0.68617292925	0.380941266609	2027	21.0	18	2737	2344	0.236979481422	1.19614003288	0.395794736129	1.71228961067	0.165930551684	0.609986362543	1.54250356535	1.48541067538	0.170212765957
sample_3	hla_a	hla_a_01_01_01_01	hla_a_24_03_01	2069	-1.5341698358	5	2069	0.621949366113	13.0	12	7	-0.349137941972	0.277777777778	-0.0487430086344	-0.68617292925	0.380941266609	2027	21.0	18	2737	2344	0.371598506187	1.26905867129	0.501439386555	1.60664496025	0.254741713856	0.609986362543	1.78990608854	1.48541067538	0.183246073298
sample_3	hla_a	hla_a_01_01_01_01	hla_a_24_03_01	2251	0.506472148693	12	2251	0.603333687945	11.0	7	6	0.551986807945	0.521739130435	0.613387352609	0.380941266609	0.728864570029	2177	24.0	13	1990	1127	1.77819472649	1.61423565787	1.86373858838	1.6926508646	1.63765838196	1.48541067538	1.76453147077	1.94215379512	0.48322147651
sample_3	hla_a	hla_a_01_01_01_01	hla_a_24_03_01	2252	0.506472148693	12	2252	0.465830164195	10.0	7	6	0.487856470525	0.545454545455	0.613387352609	0.380941266609	0.728864570029	2177	24.0	13	1990	1127	1.77819472649	1.45027658924	1.95705916499	1.59933028799	1.63765838196	1.48541067538	1.58690914643	1.94215379512	0.507042253521
sample_3	hla_a	hla_a_01_01_01_01	hla_a_24_03_01	2339	-0.271135429971	7	2339	1.09143464941	18.0	7	7	0.565365837746	0.28	0.31382707075	-0.463780507913	0.536219492087	2327	24.0	16	3337	2378	0.876419849058	2.55114462144	0.705902417688	2.11267122649	0.876419849058	0.7432031058	2.55114462144	1.6757203086	0.28
sample_3	hla_a	hla_a_01_01_01_01	hla_a_24_03_01	2357	-0.633705509356	7	2357	0.951256991366	21.0	9	9	0.366294490644	0.25	0.31382707075	-0.463780507913	0.536219492087	2327	24.0	16	3337	2378	0.639590083267	2.2973984438	0.609986362543	2.20858728163	0.639590083267	0.7432031058	2.2973984438	1.6757203086	0.25
sample_3	hla_a	hla_a_01_01_01_01	hla_a_24_03_01	2464	-0.271135429971	6	2464	0.465830164195	15.0	6	9	0.214291397199	0.285714285714	0.31382707075	-0.463780507913	0.536219492087	2327	24.0	16	3337	2378	0.663273059846	1.94215379512	0.724172142478	2.0944015017	0.876419849058	0.7432031058	1.58690914643	1.6757203086	0.375
sample_3	hla_a	hla_a_01_01_01_01	hla_a_24_03_01	2533	0.143902069308	16	2533	0.728864570029	14.0	12	7	0.387827652194	0.533333333333	0.31382707075	0.063790269183	0.536219492087	2477	27.0	18	3637	2554	1.6056062332	1.38124119193	1.51586021669	1.30271342748	1.23166449774	1.15490939518	1.94215379512	1.6757203086	0.4
sample_3	hla_a	hla_a_01_01_01_01	hla_a_24_03_01	2535	0.143902069308	16	2535	0.536219492087	14.0	12	8	0.31382707075	0.533333333333	0.31382707075	0.063790269183	0.536219492087	2477	27.0	18	3637	2554	1.51586021669	1.30271342748	1.51586021669	1.30271342748	1.23166449774	1.15490939518	1.6757203086	1.6757203086	0.432432432432
sample_3	hla_a	hla_a_01_01_01_01	hla_a_24_03_01	2565	-0.271135429971	12	2565	0.31382707075	12.0	12	8	-0.00810102413704	0.5	0.31382707075	0.063790269183	0.536219492087	2477	27.0	18	3637	2554	1.08956663827	1.08956663827	1.40928682209	1.40928682209	0.876419849058	1.15490939518	1.40928682209	1.6757203086	0.4
sample_3	hla_a	hla_a_01_01_01_01	hla_a_24_03_01	2620	0.143902069308	8	2620	0.0507926649165	10.0	6	8	0.0914346494139	0.444444444444	0.31382707075	0.063790269183	0.536219492087	2477	27.0	18	3637	2554	1.02866755564	1.3331629688	1.23166449774	1.58690914643	1.23166449774	1.15490939518	1.14285333557	1.6757203086	0.516129032258
sample_3	hla_a	hla_a_01_01_01_01	hla_a_24_03_01	2627	-0.271135429971	7	2627	0.506472148693	12.0	7	7	0.169437161415	0.368421052632	-0.0366701763338	-0.271135429971	0.231364910558	2627	20.0	17	3133	2701	0.876419849058	1.63765838196	0.73454195531	1.39443913553	0.876419849058	0.876419849058	1.63765838196	1.32047565992	0.368421052632
sample_3	hla_a	hla_a_01_01_01_01	hla_a_24_03_01	2639	-0.493527851307	6	2639	0.603333687945	11.0	7	6	0.115887693138	0.352941176471	-0.0366701763338	-0.271135429971	0.231364910558	2627	20.0	17	3133	2701	0.794440314745	1.61423565787	0.69572447412	1.43325661672	0.724172142478	0.876419849058	1.76453147077	1.32047565992	0.318584070796
sample_3	hla_a	hla_a_01_01_01_01	hla_a_24_03_01	2651	-0.0487430086344	7	2651	0.465830164195	10.0	6	6	0.231364910558	0.411764705882	-0.0366701763338	-0.271135429971	0.231364910558	2627	20.0	17	3133	2701	1.0540421734	1.58690914643	0.843230902641	1.2857501882	1.0540421734	0.876419849058	1.58690914643	1.32047565992	0.411764705882
sample_3	hla_a	hla_a_01_01_01_01	hla_a_24_03_01	2658	-0.271135429971	6	2658	0.0914346494139	9.0	6	7	-0.0646845525034	0.4	-0.0366701763338	-0.271135429971	0.231364910558	2627	20.0	17	3133	2701	0.794440314745	1.28631752062	0.813729616937	1.31525147391	0.876419849058	0.876419849058	1.18091526222	1.32047565992	0.4375
sample_3	hla_a	hla_a_01_01_01_01	hla_a_24_03_01	2684	-0.493527851307	6	2684	0.465830164195	10.0	7	6	0.0284248518881	0.375	-0.0366701763338	-0.271135429971	0.231364910558	2627	20.0	17	3133	2701	0.794440314745	1.45027658924	0.751039384815	1.37794170603	0.724172142478	0.876419849058	1.58690914643	1.32047565992	0.339622641509
sample_3	hla_a	hla_a_01_01_01_01	hla_a_24_03_01	2823	-0.271135429971	15	2823	-0.0487430086344	14.0	15	12	-0.168041937007	0.51724137931	-0.160104117582	-0.030127330467	-0.378050633887	2777	27.0	25	3824	3627	0.994834731953	0.91589147669	1.00136796687	0.921989162613	0.876419849058	1.07018965743	1.0540421734	0.800295995768	0.461538461538
sample_3	hla_a	hla_a_01_01_01_01	hla_a_24_03_01	2827	0.231364910558	17	2827	0.0767878734495	14.0	12	11	0.159498924359	0.548387096774	-0.160104117582	-0.030127330467	-0.378050633887	2777	27.0	25	3824	3627	1.38611869283	1.10810114168	1.07306495136	0.850292178122	1.32047565992	1.07018965743	1.16707456162	0.800295995768	0.52676056338
sample_3	hla_a	hla_a_01_01_01_01	hla_a_24_03_01	2909	0.259379286728	13	2909	-0.593063524858	8.0	9	10	-0.126745520636	0.619047619048	-0.160104117582	-0.030127330467	-0.378050633887	2777	27.0	25	3824	3627	1.26905867129	0.708146068101	1.23572443659	0.687632692898	1.35007938064	1.07018965743	0.663273059846	0.800295995768	0.643564356436
sample_3	hla_a	hla_a_01_01_01_01	hla_a_24_03_01	3069	-0.119132336526	10	3069	-0.68617292925	6.0	9	8	-0.358598271221	0.625	0.31382707075	0.143902069308	0.486151156444	2927	21.0	14	2771	1922	1.06449054542	0.562968688452	1.80893705186	1.00963659232	0.994834731953	1.23166449774	0.609986362543	1.61210506084	0.597014925373
sample_3	hla_a	hla_a_01_01_01_01	hla_a_24_03_01	3108	0.188296188666	11	3108	-0.730567048608	8.0	8	11	-0.271135429971	0.578947368421	-0.341524757862	0.0183711872241	-0.560642047166	3077	20.0	21	3088	3151	1.04469363001	0.708146068101	0.985931357299	0.665409869763	1.27607007883	1.11324961485	0.585765136496	0.682650040683	0.654054054054
sample_3	hla_a	hla_a_01_01_01_01	hla_a_24_03_01	3142	-0.133631906221	11	3142	-0.378050633887	13.0	10	14	-0.271135429971	0.458333333333	-0.341524757862	0.0183711872241	-0.560642047166	3077	20.0	21	3088	3151	0.787608686886	0.965231011229	0.74108855432	0.910252672742	0.982993243664	1.11324961485	0.800295995768	0.682650040683	0.542253521127
sample_3	hla_a	hla_a_01_01_01_01	hla_a_24_03_01	3162	0.143902069308	12	3162	-0.718594406942	11.0	9	15	-0.332535974635	0.521739130435	-0.341524757862	0.0183711872241	-0.560642047166	3077	20.0	21	3088	3151	0.876419849058	0.787608686886	0.869800383554	0.781540843508	1.23166449774	1.11324961485	0.592224130108	0.682650040683	0.645161290323
sample_3	hla_a	hla_a_01_01_01_01	hla_a_24_03_01	3163	0.143902069308	12	3163	-0.619058733391	11.0	9	14	-0.271135429971	0.521739130435	-0.341524757862	0.0183711872241	-0.560642047166	3077	20.0	21	3088	3151	0.922756107582	0.830083590533	0.869800383554	0.781540843508	1.23166449774	1.11324961485	0.648048289188	0.682650040683	0.629213483146
sample_3	hla_a	hla_a_01_01_01_01	hla_a_24_03_01	3172	0.143902069308	12	3172	-0.512143529475	11.0	9	13	-0.207005092551	0.521739130435	-0.341524757862	0.0183711872241	-0.560642047166	3077	20.0	21	3088	3151	0.973304753245	0.876419849058	0.869800383554	0.781540843508	1.23166449774	1.11324961485	0.712460780433	0.682650040683	0.611764705882
sample_3	hla_a	hla_a_01_01_01_01	hla_a_24_03_01	3185	0.143902069308	12	3185	-0.68617292925	9.0	9	12	-0.271135429971	0.571428571429	-0.341524757862	0.0183711872241	-0.560642047166	3077	20.0	21	3088	3151	1.02866755564	0.724172142478	0.970668429322	0.680672797741	1.23166449774	1.11324961485	0.609986362543	0.682650040683	0.64
sample_3	hla_b	hla_b_49_01_01	hla_b_55_02_01	1519	0.243437742859	30	1514	-0.740620713272	13.0	21	18	-0.130272894131	0.697674418605	-0.0731960523589	0.0658995573067	-0.271135429971	1432	39.0	34	5687	5184	1.45027658924	0.521175200371	1.51644338164	0.549847477078	1.3331629688	1.15687615065	0.580382641819	0.876419849058	0.664206642066
sample_3	hla_b	hla_b_49_01_01	hla_b_55_02_01	1669	-0.551243349164	14	1664	-0.934100442693	12.0	17	19	-0.740620713272	0.538461538462	-0.370671103522	-0.271135429971	-0.649647053225	1582	28.0	30	4316	4651	0.639590083267	0.521175200371	0.881885151345	0.728856687296	0.688349152694	0.876419849058	0.483781026825	0.630481246121	0.565957446809
sample_3	hla_b	hla_b_49_01_01	hla_b_55_02_01	1812	-0.0646845525034	15	1807	-0.378050633887	13.0	13	14	-0.218668010077	0.535714285714	-0.164220226054	0.0284248518881	-0.271135429971	1732	28.0	26	3982	3487	0.994834731953	0.836948221426	1.04037891768	0.876419849058	1.04037891768	1.12235845199	0.800295995768	0.876419849058	0.554089709763
sample_3	hla_b	hla_b_49_01_01	hla_b_55_02_01	1873	0.951256991366	14	1868	0.0767878734495	14.0	6	11	0.448756650836	0.5	-0.164220226054	0.0284248518881	-0.271135429971	1732	28.0	26	3982	3487	1.56601240239	1.56601240239	0.95839938337	0.95839938337	2.2973984438	1.12235845199	1.16707456162	0.876419849058	0.647058823529
sample_3	hla_b	hla_b_49_01_01	hla_b_55_02_01	1993	0.243437742859	10	1988	-0.101210428529	9.0	7	8	0.0699014878642	0.526315789474	-0.0232079165272	0.243437742859	-0.271135429971	1882	19.0	16	2535	2164	1.23166449774	1.08956663827	1.14285333557	1.00963659232	1.3331629688	1.3331629688	1.00963659232	0.876419849058	0.559440559441
sample_3	hla_b	hla_b_49_01_01	hla_b_55_02_01	2161	1.44507160403	23	2156	0.603333687945	11.0	7	6	1.11588769314	0.676470588235	0.285257918554	-0.271135429971	0.82840024358	2032	25.0	17	2928	1971	3.58174448136	1.61423565787	1.93109081298	0.824792599076	3.31238315434	0.876419849058	1.76453147077	2.0944015017	0.641860465116
sample_3	hla_b	hla_b_49_01_01	hla_b_55_02_01	2217	1.01837118722	22	2212	0.366294490644	14.0	9	9	0.728864570029	0.611111111111	0.285257918554	0.31382707075	0.465830164195	2182	25.0	17	4117	2466	2.4158133267	1.46849426354	1.72622077337	1.02966263869	2.4158133267	1.40928682209	1.46849426354	1.58690914643	0.611111111111
sample_3	hla_b	hla_b_49_01_01	hla_b_55_02_01	2470	0.372720759804	25	2465	1.05079266492	20.0	16	8	0.635755165638	0.555555555556	0.0632836090997	-0.18367258872	0.764059233975	2332	29.0	23	4635	3266	2.03096495729	1.58690914643	1.30374312212	1.00513167829	1.47589519372	0.943028220686	2.47502076815	1.99479055798	0.384615384615
sample_3	hla_b	hla_b_49_01_01	hla_b_55_02_01	2575	-0.030127330467	13	2570	0.576861476584	18.0	11	10	0.290743457637	0.41935483871	0.205302613972	0.107376193283	0.576861476584	2482	32.0	23	4771	3052	1.13016602669	1.63765838196	1.05429129307	1.53260105848	1.07018965743	1.19614003288	1.72900700591	1.72900700591	0.396341463415
sample_3	hla_b	hla_b_49_01_01	hla_b_55_02_01	2715	0.269432951392	16	2710	-0.145604547887	12.0	11	11	0.0767878734495	0.571428571429	0.235824558749	0.269432951392	0.259379286728	2632	27.0	19	4003	2914	1.36084436999	0.973304753245	1.5415019357	1.10879792752	1.36084436999	1.36084436999	0.973304753245	1.35007938064	0.571428571429
sample_3	hla_c	hla_c_06_02_01_01	hla_c_07_01_01_01	1366	-0.593063524858	8	1367	-0.271135429971	9.0	10	9	-0.431600102164	0.470588235294	-0.593063524858	-0.408638953721	-0.547405941485	1298	16.0	20	2228	2582	0.708146068101	0.820328588739	0.613120874149	0.713425245543	0.663273059846	0.77953494487	0.876419849058	0.690686746406	0.444444444444
sample_3	hla_c	hla_c_06_02_01_01	hla_c_07_01_01_01	1369	-0.271135429971	9	1370	-0.271135429971	9.0	9	9	-0.271135429971	0.5	-0.593063524858	-0.408638953721	-0.547405941485	1298	16.0	20	2228	2582	0.876419849058	0.876419849058	0.663273059846	0.663273059846	0.876419849058	0.77953494487	0.876419849058	0.690686746406	0.5
sample_3	hla_c	hla_c_06_02_01_01	hla_c_07_01_01_01	1400	-0.68617292925	9	1401	-0.785708602801	7.0	12	10	-0.730567048608	0.5625	-0.593063524858	-0.408638953721	-0.547405941485	1298	16.0	20	2228	2582	0.682650040683	0.488880232309	0.769846454452	0.55669966524	0.609986362543	0.77953494487	0.55669966524	0.690686746406	0.51724137931
sample_3	hla_c	hla_c_06_02_01_01	hla_c_07_01_01_01	1466	-0.030127330467	13	1467	-0.593063524858	8.0	11	10	-0.271135429971	0.619047619048	0.107376193283	0.125639131295	-0.0487430086344	1448	26.0	20	3382	2539	1.13016602669	0.622673671424	1.5260100638	0.866270001952	1.07018965743	1.21378984161	0.663273059846	1.0540421734	0.596330275229
sample_3	hla_c	hla_c_06_02_01_01	hla_c_07_01_01_01	1467	-0.145604547887	12	1468	-0.730567048608	8.0	11	11	-0.408638953721	0.6	0.107376193283	0.125639131295	-0.0487430086344	1448	26.0	20	3382	2539	0.973304753245	0.585765136496	1.47323085885	0.9190492069	0.973304753245	1.21378984161	0.585765136496	1.0540421734	0.6
sample_3	hla_c	hla_c_06_02_01_01	hla_c_07_01_01_01	1515	-0.030127330467	13	1516	-0.0487430086344	14.0	11	12	-0.0398098838644	0.481481481481	0.107376193283	0.125639131295	-0.0487430086344	1448	26.0	20	3382	2539	1.01542862463	1.10810114168	1.14482691695	1.2474531488	1.07018965743	1.21378984161	1.0540421734	1.0540421734	0.503225806452
sample_3	hla_c	hla_c_06_02_01_01	hla_c_07_01_01_01	1604	0.621949366113	13	1605	1.31382707075	18.0	7	6	0.982621162275	0.41935483871	0.195990580456	0.42930428817	0.0507926649165	1598	23.5	17	3567	2459	1.94215379512	2.76194913824	1.04629015545	1.52152256024	1.78990608854	1.54250356535	3.00788774118	1.14285333557	0.382352941176
sample_3	hla_c	hla_c_06_02_01_01	hla_c_07_01_01_01	1606	0.844341787449	13	1607	1.00897248922	17.0	6	7	0.935315447497	0.433333333333	0.195990580456	0.42930428817	0.0507926649165	1598	23.5	17	3567	2459	1.94215379512	2.59799006962	1.08747696387	1.48033575183	2.11977611946	1.54250356535	2.39889691486	1.14285333557	0.471502590674
sample_3	hla_c	hla_c_06_02_01_01	hla_c_07_01_01_01	1636	0.42930428817	13	1637	0.465830164195	15.0	8	9	0.448756650836	0.464285714286	0.195990580456	0.42930428817	0.0507926649165	1598	23.5	17	3567	2459	1.44063193815	1.69139286663	1.17867632536	1.38913639033	1.54250356535	1.54250356535	1.58690914643	1.14285333557	0.493670886076
sample_3	hla_c	hla_c_06_02_01_01	hla_c_07_01_01_01	1638	0.536219492087	14	1639	0.635755165638	15.0	8	8	0.586845565157	0.48275862069	0.195990580456	0.42930428817	0.0507926649165	1598	23.5	17	3567	2459	1.6757203086	1.80893705186	1.23310565251	1.33470706318	1.6757203086	1.54250356535	1.80893705186	1.14285333557	0.48275862069
sample_3	hla_c	hla_c_06_02_01_01	hla_c_07_01_01_01	1756	0.366294490644	14	1757	-0.730567048608	8.0	9	11	-0.133631906221	0.636363636364	0.416920563714	0.366294490644	0.31382707075	1748	29.0	18	3873	2543	1.30271342748	0.663273059846	1.99597874189	1.05942466808	1.46849426354	1.46849426354	0.585765136496	1.40928682209	0.681415929204
sample_3	hla_c	hla_c_06_02_01_01	hla_c_07_01_01_01	1810	0.107376193283	13	1811	0.42930428817	13.0	10	8	0.259379286728	0.5	0.416920563714	0.366294490644	0.31382707075	1748	29.0	18	3873	2543	1.35007938064	1.35007938064	1.52770170498	1.52770170498	1.19614003288	1.46849426354	1.54250356535	1.40928682209	0.444444444444
sample_3	hla_c	hla_c_06_02_01_01	hla_c_07_01_01_01	1820	0.31382707075	12	1821	0.31382707075	15.0	8	10	0.31382707075	0.444444444444	0.416920563714	0.366294490644	0.31382707075	1748	29.0	18	3873	2543	1.23166449774	1.58690914643	1.33692217143	1.71848123854	1.40928682209	1.46849426354	1.40928682209	1.40928682209	0.5
sample_3	hla_c	hla_c_06_02_01_01	hla_c_07_01_01_01	1831	-0.271135429971	10	1832	0.176323547	15.0	10	11	-0.0195966629749	0.4	0.416920563714	0.366294490644	0.31382707075	1748	29.0	18	3873	2543	0.825670613531	1.3331629688	1.18429854459	1.87110486538	0.876419849058	1.46849426354	1.26395946581	1.40928682209	0.423076923077
sample_3	hla_c	hla_c_06_02_01_01	hla_c_07_01_01_01	1869	0.82840024358	15	1870	1.14390206931	16.0	7	6	0.982621162275	0.483870967742	0.416920563714	0.366294490644	0.31382707075	1748	29.0	18	3873	2543	2.27007193237	2.43403100099	1.47231409847	1.5830893115	2.0944015017	1.46849426354	2.65264309249	1.40928682209	0.445544554455
sample_3	hla_c	hla_c_06_02_01_01	hla_c_07_01_01_01	1898	0.728864570029	16	1899	1.31382707075	18.0	8	6	1.00897248922	0.470588235294	0.551986807945	0.82840024358	-0.441060431413	1898	23.0	13	1664	1082	2.24664920828	2.55114462144	1.58530170458	1.80712867978	1.94215379512	2.0944015017	3.00788774118	0.758004966162	0.4
sample_3	hla_c	hla_c_06_02_01_01	hla_c_07_01_01_01	2075	-1.07849035203	4	2076	0.188296188666	11.0	7	8	-0.271135429971	0.266666666667	0.380941266609	0.31382707075	0.42930428817	2048	22.0	14	2544	1638	0.379077340896	1.37376235722	0.703872448267	2.26694890249	0.419676729318	1.40928682209	1.27607007883	1.54250356535	0.293577981651
sample_3	hla_c	hla_c_06_02_01_01	hla_c_07_01_01_01	2118	0.31382707075	9	2119	0.406936475142	16.0	6	10	0.372720759804	0.36	0.380941266609	0.31382707075	0.42930428817	2048	22.0	14	2544	1638	1.00963659232	1.94215379512	1.01648773911	1.95433361164	1.40928682209	1.40928682209	1.51586021669	1.54250356535	0.483870967742
sample_3	hla_c	hla_c_06_02_01_01	hla_c_07_01_01_01	2137	0.465830164195	10	2138	0.143902069308	12.0	6	9	0.281405593058	0.454545454545	0.380941266609	0.31382707075	0.42930428817	2048	22.0	14	2544	1638	1.23166449774	1.51586021669	1.3331629688	1.63765838196	1.58690914643	1.40928682209	1.23166449774	1.54250356535	0.555555555556
sample_3	hla_c	hla_c_06_02_01_01	hla_c_07_01_01_01	2166	0.603333687945	11	2167	0.728864570029	14.0	6	7	0.672281041663	0.44	0.380941266609	0.31382707075	0.42930428817	2048	22.0	14	2544	1638	1.61423565787	2.10611286374	1.28444370269	1.68637764806	1.76453147077	1.40928682209	1.94215379512	1.54250356535	0.478260869565
sample_3	hla_c	hla_c_06_02_01_01	hla_c_07_01_01_01	2168	0.603333687945	11	2169	0.844341787449	13.0	6	6	0.728864570029	0.458333333333	0.380941266609	0.31382707075	0.42930428817	2048	22.0	14	2544	1638	1.76453147077	2.11977611946	1.34585027768	1.62497107308	1.76453147077	1.40928682209	2.11977611946	1.54250356535	0.458333333333
sample_3	hla_c	hla_c_06_02_01_01	hla_c_07_01_01_01	2173	0.603333687945	11	2174	0.921509647972	16.0	6	7	0.783312354052	0.407407407407	0.380941266609	0.31382707075	0.42930428817	2048	22.0	14	2544	1638	1.61423565787	2.43403100099	1.17527645827	1.79554489249	1.76453147077	1.40928682209	2.24664920828	1.54250356535	0.445086705202
sample_3	hla_c	hla_c_06_02_01_01	hla_c_07_01_01_01	2249	1.31382707075	18	2253	0.380941266609	11.0	6	7	0.886405847016	0.620689655172	0.898789571471	1.31382707075	0.143902069308	2198	27.0	12	1277	819	2.76194913824	1.61423565787	2.78739106268	1.62978350058	3.00788774118	3.00788774118	1.48541067538	1.23166449774	0.65625
sample_3	hla_c	hla_c_06_02_01_01	hla_c_07_01_01_01	2520	0.231364910558	17	2524	0.465830164195	15.0	12	9	0.33654714725	0.53125	0.12479324636	0.269432951392	0.188296188666	2498	25.0	19	3573	2504	1.5361599109	1.3331629688	1.30061000522	1.12532481672	1.32047565992	1.36084436999	1.58690914643	1.27607007883	0.459459459459
sample_3	hla_c	hla_c_06_02_01_01	hla_c_07_01_01_01	2533	0.439357952834	18	2537	0.366294490644	14.0	11	9	0.406936475142	0.5625	0.12479324636	0.269432951392	0.188296188666	2498	25.0	19	3573	2504	1.72900700591	1.30271342748	1.38825259947	1.03768222247	1.55461417837	1.36084436999	1.46849426354	1.27607007883	0.512658227848
sample_3	hla_c	hla_c_06_02_01_01	hla_c_07_01_01_01	2548	0.558939568587	16	2552	-0.00810102413704	12.0	9	10	0.288291978643	0.571428571429	0.12479324636	0.269432951392	0.188296188666	2498	25.0	19	3573	2504	1.6056062332	1.15687615065	1.41329334068	1.01264148126	1.70532402933	1.36084436999	1.08956663827	1.27607007883	0.597014925373
sample_3	hla_c	hla_c_06_02_01_01	hla_c_07_01_01_01	2560	0.356895792642	17	2566	-0.00810102413704	12.0	11	10	0.194528142378	0.586206896552	0.12479324636	0.269432951392	0.188296188666	2498	25.0	19	3573	2504	1.5361599109	1.02866755564	1.45474008476	0.971194737183	1.45772927418	1.36084436999	1.08956663827	1.27607007883	0.562913907285
sample_3	hla_c	hla_c_06_02_01_01	hla_c_07_01_01_01	2597	0.143902069308	12	2603	0.243437742859	10.0	9	7	0.188296188666	0.545454545455	0.12479324636	0.269432951392	0.188296188666	2498	25.0	19	3573	2504	1.40928682209	1.14285333557	1.34044754806	1.08548727388	1.23166449774	1.36084436999	1.3331629688	1.27607007883	0.48275862069
sample_3	hla_c	hla_c_06_02_01_01	hla_c_07_01_01_01	2869	-0.18367258872	17	2874	-0.119132336526	10.0	16	9	-0.160104117582	0.62962962963	-0.101210428529	-0.271135429971	0.31382707075	2798	27.0	24	3785	3188	1.26008406964	0.663273059846	1.32047565992	0.698797524714	0.943028220686	0.876419849058	0.994834731953	1.40928682209	0.488817891374
sample_3	hla_c	hla_c_06_02_01_01	hla_c_07_01_01_01	2891	-0.65815855308	13	2896	0.0914346494139	9.0	17	7	-0.396666312055	0.590909090909	-0.101210428529	-0.271135429971	0.31382707075	2798	27.0	24	3785	3188	0.965231011229	0.609986362543	1.22762762674	0.791645557894	0.625658920573	0.876419849058	1.18091526222	1.40928682209	0.372950819672
sample_3	hla_c	hla_c_06_02_01_01	hla_c_07_01_01_01	2894	-0.740620713272	13	2899	-0.101210428529	9.0	18	8	-0.512143529475	0.590909090909	-0.101210428529	-0.271135429971	0.31382707075	2798	27.0	24	3785	3188	0.876419849058	0.548501711808	1.22762762674	0.791645557894	0.580382641819	0.876419849058	1.00963659232	1.40928682209	0.390977443609
sample_3	hla_c	hla_c_06_02_01_01	hla_c_07_01_01_01	2962	0.558939568587	16	2967	1.14390206931	16.0	9	6	0.821973974421	0.5	0.773258689388	0.465830164195	1.16943716142	2948	33.0	16	3302	1815	2.08425165459	2.08425165459	2.00876216675	2.00876216675	1.70532402933	1.58690914643	2.65264309249	2.70339232802	0.4
sample_3	hla_c	hla_c_06_02_01_01	hla_c_07_01_01_01	3000	0.465830164195	15	3005	1.31382707075	18.0	9	6	0.866368093779	0.454545454545	0.773258689388	0.465830164195	1.16943716142	2948	33.0	16	3302	1815	1.94215379512	2.36844737354	1.80893705186	2.20858728163	1.58690914643	1.58690914643	3.00788774118	2.70339232802	0.357142857143
sample_1	hla_a	hla_a_01_01_01_01	hla_a_24_03_01	1326	-0.438064827021	6	1326	-0.438064827021	11.0	6	11	-0.438064827021	0.352941176471	-0.575568350771	-0.923491654191	-0.33852915347	1277	20.0	22	2697	2774	0.548645420049	1.49679585751	0.445210826872	1.30716577001	1.02272063878	0.562190426298	1.02272063878	1.1378531919	0.5
sample_1	hla_a	hla_a_01_01_01_01	hla_a_24_03_01	1330	-0.438064827021	6	1330	-0.197056727517	13.0	6	11	-0.277600154828	0.315789473684	-0.575568350771	-0.923491654191	-0.33852915347	1277	20.0	22	2697	2774	0.548645420049	1.87605603249	0.336332307738	1.41604428915	1.02272063878	0.562190426298	1.31578531945	1.1378531919	0.458333333333
sample_1	hla_a	hla_a_01_01_01_01	hla_a_24_03_01	1389	-1.43806482702	4	1389	-0.718172746214	14.0	8	17	-0.911996015353	0.222222222222	-0.575568350771	-0.923491654191	-0.33852915347	1277	20.0	22	2697	2774	-0.0733412669232	1.21614332802	0.0621197410303	1.69025685586	0.216792766939	0.562190426298	0.73827550754	1.1378531919	0.377777777778
sample_1	hla_a	hla_a_01_01_01_01	hla_a_24_03_01	1505	-0.8531023263	6	1505	0.189966395592	17.0	8	11	-0.162430384407	0.260869565217	-0.0421361506896	-0.245419749078	0.00939414995045	1427	25.0	19	3758	3000	0.428879049002	2.29523833115	0.517402018906	2.54605341255	0.619756702858	1.25298574502	1.90191468078	1.60885000011	0.326732673267
sample_1	hla_a	hla_a_01_01_01_01	hla_a_24_03_01	1509	-0.660457248357	6	1509	0.102503554342	16.0	7	11	-0.148558209826	0.272727272727	-0.0421361506896	-0.245419749078	0.00939414995045	1427	25.0	19	3758	3000	0.485435390885	2.27638621719	0.567699160897	2.49575627056	0.792455532538	1.25298574502	1.75538234045	1.60885000011	0.370786516854
sample_1	hla_a	hla_a_01_01_01_01	hla_a_24_03_01	1516	-0.438064827021	7	1516	0.102503554342	16.0	7	11	-0.0844278724061	0.304347826087	-0.0421361506896	-0.245419749078	0.00939414995045	1427	25.0	19	3758	3000	0.664530473516	2.27638621719	0.701824872874	2.36163055858	1.02272063878	1.25298574502	1.75538234045	1.60885000011	0.407407407407
sample_1	hla_a	hla_a_01_01_01_01	hla_a_24_03_01	1542	-0.0754947476361	9	1542	0.272428555784	18.0	7	11	0.1468976737	0.333333333333	-0.0421361506896	-0.245419749078	0.00939414995045	1427	25.0	19	3758	3000	1.02272063878	2.63457638245	0.824773442185	2.23868198927	1.48325085126	1.25298574502	2.04844702112	1.60885000011	0.44
sample_1	hla_a	hla_a_01_01_01_01	hla_a_24_03_01	1575	0.298900767145	10	1575	0.189966395592	17.0	6	11	0.229359833892	0.37037037037	-0.0421361506896	-0.245419749078	0.00939414995045	1427	25.0	19	3758	3000	1.30716577001	2.63457638245	0.981874391862	2.08158103959	2.09729113456	1.25298574502	1.90191468078	1.60885000011	0.518867924528
sample_1	hla_a	hla_a_01_01_01_01	hla_a_24_03_01	1655	-0.215672405684	7	1655	-0.685992340464	16.0	6	19	-0.558359060738	0.304347826087	-0.129942531658	-0.148558209826	-0.157956907828	1577	26.0	21	3371	2726	0.313504111559	1.47404024701	0.6255967599	2.18739487179	1.29136326272	1.38091080404	0.768217100302	1.36811829814	0.580786026201
sample_1	hla_a	hla_a_01_01_01_01	hla_a_24_03_01	1698	-0.438064827021	9	1698	-0.33852915347	15.0	9	14	-0.376664282357	0.375	-0.129942531658	-0.148558209826	-0.157956907828	1577	26.0	21	3371	2726	0.672317216239	1.51328543033	0.907588085658	1.90540354603	1.02272063878	1.38091080404	1.1378531919	1.36811829814	0.48275862069
sample_1	hla_a	hla_a_01_01_01_01	hla_a_24_03_01	1808	-0.590067920466	9	1808	-0.312533944937	12.0	10	11	-0.438064827021	0.428571428571	-0.175030421187	-0.300561303271	-0.116136732133	1727	24.0	20	3618	3002	0.792455532538	1.25298574502	1.06877366003	1.621409915	0.86153506441	1.18390621315	1.16925297911	1.4256845747	0.452054794521
sample_1	hla_a	hla_a_01_01_01_01	hla_a_24_03_01	1922	-1.02302732774	4	1922	-0.607989828463	8.0	6	9	-0.759992921908	0.333333333333	-0.245419749078	-0.438064827021	-0.438064827021	1877	16.0	14	1324	1226	0.270521291728	1.13017768836	0.638945461711	1.86702602832	0.485435390885	1.02272063878	0.843625556147	1.02272063878	0.428571428571
sample_1	hla_a	hla_a_01_01_01_01	hla_a_24_03_01	2057	-0.563595709105	11	2057	-0.116136732133	10.0	12	8	-0.367675499129	0.52380952381	-0.520526987213	-0.438064827021	-0.607989828463	2027	17.0	18	2309	2344	1.18390621315	1.02272063878	1.00566396424	0.860682230683	0.888399326804	1.02272063878	1.4256845747	0.843625556147	0.423076923077
sample_1	hla_a	hla_a_01_01_01_01	hla_a_24_03_01	2069	-0.438064827021	12	2069	-0.438064827021	7.0	12	7	-0.438064827021	0.631578947368	-0.520526987213	-0.438064827021	-0.607989828463	2027	17.0	18	2309	2344	1.4468932029	0.598548074652	1.33378051914	0.532565675788	1.02272063878	1.02272063878	1.02272063878	0.843625556147	0.5
sample_1	hla_a	hla_a_01_01_01_01	hla_a_24_03_01	2251	-0.0754947476361	9	2251	0.561935172979	12.0	7	6	0.253812877617	0.428571428571	0.0314204562805	-0.0754947476361	0.0357014630322	2177	18.0	13	1500	1127	1.64266515558	2.38659857574	1.32383654694	1.96149376422	1.48325085126	1.48325085126	2.63457638245	1.64929756325	0.391304347826
sample_1	hla_a	hla_a_01_01_01_01	hla_a_24_03_01	2252	-0.0754947476361	9	2252	0.561935172979	12.0	7	6	0.253812877617	0.428571428571	0.0314204562805	-0.0754947476361	0.0357014630322	2177	18.0	13	1500	1127	1.64266515558	2.38659857574	1.32383654694	1.96149376422	1.48325085126	1.48325085126	2.63457638245	1.64929756325	0.391304347826
sample_1	hla_a	hla_a_01_01_01_01	hla_a_24_03_01	2339	0.339542751643	12	2339	-3.24541974908	1.0	7	7	-0.544980030937	0.923076923077	-0.116136732133	0.26237489112	-0.800634906405	2327	20.0	16	2723	2378	2.17404616998	-0.35886999866	3.13053199589	-0.279162846501	2.17404616998	2.03013047858	-0.35886999866	0.664530473516	0.923076923077
sample_1	hla_a	hla_a_01_01_01_01	hla_a_24_03_01	2357	0.092449889678	13	2357	-2.02302732774	3.0	9	9	-0.607989828463	0.8125	-0.116136732133	0.26237489112	-0.800634906405	2327	20.0	16	2723	2378	1.7391009693	-0.0518498570075	2.68494687444	0.166422274949	1.7391009693	2.03013047858	-0.0518498570075	0.664530473516	0.8125
sample_1	hla_a	hla_a_01_01_01_01	hla_a_24_03_01	2464	0.784327594316	14	2464	-0.286061733576	10.0	6	9	0.240007078092	0.583333333333	-0.116136732133	0.26237489112	-0.800634906405	2327	20.0	16	2723	2378	2.4196622833	1.56000588667	1.76148785463	1.08988129476	3.17186163035	2.03013047858	1.20181572141	0.664530473516	0.677419354839
sample_1	hla_a	hla_a_01_01_01_01	hla_a_24_03_01	2533	-0.701099232855	10	2533	-0.245419749078	8.0	12	7	-0.516067339022	0.555555555556	-0.520526987213	-0.438064827021	-0.438064827021	2477	17.0	18	2556	2554	1.1075551516	0.768217100302	1.10231845328	0.764027741644	0.754078014831	1.02272063878	1.25298574502	1.02272063878	0.421686746988
sample_1	hla_a	hla_a_01_01_01_01	hla_a_24_03_01	2535	-0.701099232855	10	2535	-0.438064827021	8.0	12	8	-0.590067920466	0.555555555556	-0.520526987213	-0.438064827021	-0.438064827021	2477	17.0	18	2556	2554	1.02272063878	0.700349490042	1.10231845328	0.764027741644	0.754078014831	1.02272063878	1.02272063878	1.02272063878	0.454545454545
sample_1	hla_a	hla_a_01_01_01_01	hla_a_24_03_01	2565	-1.43806482702	6	2565	-0.630709904963	7.0	12	8	-1.05955320377	0.461538461538	-0.520526987213	-0.438064827021	-0.438064827021	2477	17.0	18	2556	2554	0.377978341306	0.539163915674	0.816072466511	1.05027372841	0.216792766939	1.02272063878	0.821238670818	1.02272063878	0.363636363636
sample_1	hla_a	hla_a_01_01_01_01	hla_a_24_03_01	2620	0.298900767145	10	2620	-0.630709904963	7.0	6	8	-0.157956907828	0.588235294118	-0.520526987213	-0.438064827021	-0.438064827021	2477	17.0	18	2556	2554	1.7135159575	1.02272063878	1.20181572141	0.664530473516	2.09729113456	1.02272063878	0.821238670818	1.02272063878	0.655737704918
sample_1	hla_a	hla_a_01_01_01_01	hla_a_24_03_01	2627	0.214011869559	11	2627	-0.438064827021	7.0	7	7	-0.0754947476361	0.611111111111	-0.00196571221409	0.298900767145	-0.268139825578	2627	23.0	17	3748	2701	1.94378106374	1.02272063878	2.07622112484	1.10700067766	1.94378106374	2.09729113456	1.02272063878	1.22420260674	0.611111111111
sample_1	hla_a	hla_a_01_01_01_01	hla_a_24_03_01	2639	0.339542751643	12	2639	-0.215672405684	7.0	7	6	0.109422968282	0.631578947368	-0.00196571221409	0.298900767145	-0.268139825578	2627	23.0	17	3748	2701	2.38659857574	1.14670954214	2.16549142919	1.01773037332	2.17404616998	2.09729113456	1.29136326272	1.22420260674	0.595041322314
sample_1	hla_a	hla_a_01_01_01_01	hla_a_24_03_01	2651	0.677412390399	13	2651	-0.701099232855	5.0	6	6	0.1468976737	0.722222222222	-0.00196571221409	0.298900767145	-0.268139825578	2627	23.0	17	3748	2701	2.9032190064	0.754078014831	2.56083134843	0.622390454073	2.9032190064	2.09729113456	0.754078014831	1.22420260674	0.722222222222
sample_1	hla_a	hla_a_01_01_01_01	hla_a_24_03_01	2658	0.561935172979	12	2658	-0.923491654191	5.0	6	7	-0.0510417039115	0.705882352941	-0.00196571221409	0.298900767145	-0.268139825578	2627	23.0	17	3748	2701	2.38659857574	0.650753928698	2.48956513908	0.693656663425	2.63457638245	2.09729113456	0.562190426298	1.22420260674	0.736842105263
sample_1	hla_a	hla_a_01_01_01_01	hla_a_24_03_01	2684	0.339542751643	12	2684	-0.215672405684	7.0	7	6	0.109422968282	0.631578947368	-0.00196571221409	0.298900767145	-0.268139825578	2627	23.0	17	3748	2701	2.38659857574	1.14670954214	2.16549142919	1.01773037332	2.17404616998	2.09729113456	1.29136326272	1.22420260674	0.595041322314
sample_1	hla_a	hla_a_01_01_01_01	hla_a_24_03_01	2823	-0.537600500572	14	2823	-0.438064827021	12.0	15	12	-0.492512611043	0.538461538462	-0.689603594017	-0.116136732133	-1.34495542263	2777	21.0	25	3452	3627	1.08241899965	0.843625556147	0.868974398611	0.660673040967	0.915263589199	1.4256845747	1.02272063878	0.270521291728	0.48275862069
sample_1	hla_a	hla_a_01_01_01_01	hla_a_24_03_01	2827	-0.116136732133	15	2827	-0.312533944937	12.0	12	11	-0.206739280914	0.555555555556	-0.689603594017	-0.116136732133	-1.34495542263	2777	21.0	25	3452	3627	1.51328543033	1.09280132329	0.915263589199	0.614383850379	1.4256845747	1.4256845747	1.16925297911	0.270521291728	0.533980582524
sample_1	hla_a	hla_a_01_01_01_01	hla_a_24_03_01	2909	0.092449889678	13	2909	-1.75999292191	4.0	9	10	-0.598529499214	0.764705882353	-0.689603594017	-0.116136732133	-1.34495542263	2777	21.0	25	3452	3627	1.61656222855	0.089540997701	1.48162545051	0.0480219890713	1.7391009693	1.4256845747	0.055607192571	0.270521291728	0.78313253012
sample_1	hla_a	hla_a_01_01_01_01	hla_a_24_03_01	3069	0.199365093595	14	3069	-0.438064827021	8.0	9	8	-0.0660960496338	0.636363636364	0.214011869559	0.334095431091	-0.116136732133	2927	22.0	14	2762	1922	2.06568611998	0.927905595032	2.63457638245	1.25298574502	1.91819605193	2.16363263632	1.02272063878	1.4256845747	0.608695652174
sample_1	hla_a	hla_a_01_01_01_01	hla_a_24_03_01	3108	0.64939801423	17	3108	-0.197056727517	13.0	8	11	0.220898255144	0.566666666667	-0.306820293743	-0.148558209826	-0.759992921908	3077	23.0	21	3277	3151	2.29523833115	1.61656222855	1.4116128182	0.940848601003	2.83605835041	1.38091080404	1.31578531945	0.700349490042	0.642611683849
sample_1	hla_a	hla_a_01_01_01_01	hla_a_24_03_01	3142	-0.059553203767	13	3142	-0.660457248357	12.0	10	14	-0.379171137967	0.52	-0.306820293743	-0.148558209826	-0.759992921908	3077	23.0	21	3277	3151	1.15704195075	1.02272063878	1.24684534218	1.10561607702	1.50627736188	1.38091080404	0.792455532538	0.700349490042	0.602649006623
sample_1	hla_a	hla_a_01_01_01_01	hla_a_24_03_01	3162	-0.286061733576	10	3162	-0.885523803992	11.0	9	15	-0.630709904963	0.47619047619	-0.306820293743	-0.148558209826	-0.759992921908	3077	23.0	21	3277	3151	0.754078014831	0.888399326804	1.09216567082	1.26029574839	1.20181572141	1.38091080404	0.592892440463	0.700349490042	0.602409638554
sample_1	hla_a	hla_a_01_01_01_01	hla_a_24_03_01	3163	-0.286061733576	10	3163	-0.785988130441	11.0	9	14	-0.569309360299	0.47619047619	-0.306820293743	-0.148558209826	-0.759992921908	3077	23.0	21	3277	3151	0.812478585254	0.95263995427	1.09216567082	1.26029574839	1.20181572141	1.38091080404	0.677322979418	0.700349490042	0.585774058577
sample_1	hla_a	hla_a_01_01_01_01	hla_a_24_03_01	3172	-0.286061733576	10	3172	-0.553542044441	12.0	9	13	-0.438064827021	0.454545454545	-0.306820293743	-0.148558209826	-0.759992921908	3077	23.0	21	3277	3151	0.876188298443	1.16925297911	1.01574290829	1.33671851092	1.20181572141	1.38091080404	0.898731735418	0.700349490042	0.546218487395
sample_1	hla_a	hla_a_01_01_01_01	hla_a_24_03_01	3185	-0.286061733576	10	3185	-0.8531023263	9.0	9	12	-0.582454736356	0.526315789474	-0.306820293743	-0.148558209826	-0.759992921908	3077	23.0	21	3277	3151	0.945965603364	0.792455532538	1.26914469984	1.08331671937	1.20181572141	1.38091080404	0.619756702858	0.700349490042	0.597014925373
sample_1	hla_b	hla_b_49_01_01	hla_b_55_02_01	1519	-0.508454154912	20	1514	-0.607989828463	16.0	21	18	-0.553542044441	0.555555555556	-0.316074302642	-0.438064827021	-0.0510417039115	1432	37.0	34	5843	5184	1.06405027323	0.733413197605	1.35984079432	0.970045614474	0.945965603364	1.02272063878	0.843625556147	1.51867625222	0.51724137931
sample_1	hla_b	hla_b_49_01_01	hla_b_55_02_01	1669	-0.438064827021	17	1664	-0.685992340464	16.0	17	19	-0.563595709105	0.515151515152	-0.215672405684	-0.138504545162	-0.231613949553	1582	35.0	30	5606	4651	0.933173097462	0.843625556147	1.34834806174	1.2343784637	1.02272063878	1.39468734886	0.768217100302	1.2706984455	0.542857142857
sample_1	hla_b	hla_b_49_01_01	hla_b_55_02_01	1812	-0.553542044441	12	1807	-0.33852915347	15.0	13	14	-0.438064827021	0.444444444444	-0.438064827021	-0.438064827021	-0.644515704488	1732	26.0	26	3420	3487	0.843625556147	1.20181572141	0.843625556147	1.20181572141	0.898731735418	1.02272063878	1.1378531919	0.80780653962	0.462809917355
sample_1	hla_b	hla_b_49_01_01	hla_b_55_02_01	1873	0.883863267867	15	1868	-0.727571444216	9.0	6	11	0.05943483245	0.625	-0.438064827021	-0.438064827021	-0.644515704488	1732	26.0	26	3420	3487	2.25531620747	1.11753568252	1.4256845747	0.619756702858	3.44050425429	1.02272063878	0.729655958109	0.80780653962	0.753424657534
sample_1	hla_b	hla_b_49_01_01	hla_b_55_02_01	1993	-0.438064827021	7	1988	-0.268139825578	9.0	7	8	-0.344955422629	0.4375	-0.35060198577	-0.438064827021	-0.438064827021	1882	17.0	16	2233	2164	0.915263589199	1.34509178751	0.9093870318	1.33753621371	1.02272063878	1.02272063878	1.22420260674	1.02272063878	0.470588235294
sample_1	hla_b	hla_b_49_01_01	hla_b_55_02_01	2161	0.076508345809	10	2156	-1.43806482702	3.0	7	6	-0.438064827021	0.769230769231	-0.82508795013	-0.923491654191	-0.660457248357	2032	13.0	17	1661	1971	1.8906429623	0.154798315259	1.30716577001	-0.0202448424256	1.7135159575	0.562190426298	0.216792766939	0.792455532538	0.740740740741
sample_1	hla_b	hla_b_49_01_01	hla_b_55_02_01	2217	-0.148558209826	11	2212	-0.800634906405	7.0	9	9	-0.438064827021	0.611111111111	-0.438064827021	-0.148558209826	-0.660457248357	2182	17.0	17	2536	2466	1.38091080404	0.664530473516	1.38091080404	0.664530473516	1.38091080404	1.38091080404	0.664530473516	0.792455532538	0.611111111111
sample_1	hla_b	hla_b_49_01_01	hla_b_55_02_01	2470	-0.35060198577	17	2465	-0.630709904963	7.0	16	8	-0.438064827021	0.708333333333	-0.438064827021	-0.438064827021	-0.116136732133	2332	23.0	23	3385	3266	1.69432719864	0.351114078912	1.69432719864	0.351114078912	1.12346162276	1.02272063878	0.821238670818	1.4256845747	0.548387096774
sample_1	hla_b	hla_b_49_01_01	hla_b_55_02_01	2575	-0.575568350771	10	2570	-0.438064827021	10.0	11	10	-0.508454154912	0.5	-0.569309360299	-0.438064827021	-0.438064827021	2482	21.0	23	3129	3052	0.945965603364	0.945965603364	0.882559269762	0.882559269762	0.876188298443	1.02272063878	1.02272063878	1.02272063878	0.47619047619
sample_1	hla_b	hla_b_49_01_01	hla_b_55_02_01	2715	-0.312533944937	12	2710	-0.897496445658	8.0	11	11	-0.575568350771	0.6	-0.364064245577	-0.197056727517	-0.438064827021	2632	20.0	19	3041	2914	1.16925297911	0.583123617774	1.4468932029	0.768217100302	1.16925297911	1.31578531945	0.583123617774	1.02272063878	0.6
sample_1	hla_c	hla_c_06_02_01_01	hla_c_07_01_01_01	1366	0.0473620001495	14	1367	-0.286061733576	10.0	10	9	-0.101029839743	0.583333333333	0.0473620001495	0.0314204562805	-0.0230273277419	1298	28.0	20	3477	2582	1.7862312542	1.1075551516	2.04356260977	1.29136326272	1.66746293625	1.64266515558	1.20181572141	1.56000588667	0.557522123894
sample_1	hla_c	hla_c_06_02_01_01	hla_c_07_01_01_01	1369	0.298900767145	15	1370	-0.286061733576	10.0	9	9	0.0358663613116	0.6	0.0473620001495	0.0314204562805	-0.0230273277419	1298	28.0	20	3477	2582	2.09729113456	1.20181572141	2.11878254448	1.21614332802	2.09729113456	1.64266515558	1.20181572141	1.56000588667	0.6
sample_1	hla_c	hla_c_06_02_01_01	hla_c_07_01_01_01	1400	-0.322587609601	13	1401	-0.059553203767	13.0	12	10	-0.197056727517	0.5	0.0473620001495	0.0314204562805	-0.0230273277419	1298	28.0	20	3477	2582	1.31578531945	1.31578531945	1.66746293625	1.66746293625	1.15704195075	1.64266515558	1.50627736188	1.56000588667	0.454545454545
sample_1	hla_c	hla_c_06_02_01_01	hla_c_07_01_01_01	1466	-0.197056727517	13	1467	0.327469919342	17.0	11	10	0.076508345809	0.433333333333	0.240007078092	0.327469919342	0.240007078092	1448	32.0	20	4211	2539	1.40649581584	2.02053609915	1.64597152633	2.33369664364	1.31578531945	2.15101965935	2.15101965935	1.98983408498	0.410094637224
sample_1	hla_c	hla_c_06_02_01_01	hla_c_07_01_01_01	1467	-0.0901415236005	14	1468	0.189966395592	17.0	11	11	0.0566998647288	0.451612903226	0.240007078092	0.327469919342	0.240007078092	1448	32.0	20	4211	2539	1.46231765978	1.90191468078	1.74025642145	2.23941174852	1.46231765978	2.15101965935	1.90191468078	1.98983408498	0.451612903226
sample_1	hla_c	hla_c_06_02_01_01	hla_c_07_01_01_01	1515	-0.0901415236005	14	1516	-0.215672405684	14.0	11	12	-0.15427186102	0.5	0.240007078092	0.327469919342	0.240007078092	1448	32.0	20	4211	2539	1.37312406132	1.37312406132	1.98983408498	1.98983408498	1.46231765978	2.15101965935	1.29136326272	1.98983408498	0.521739130435
sample_1	hla_c	hla_c_06_02_01_01	hla_c_07_01_01_01	1604	0.561935172979	14	1605	1.29890076715	20.0	7	6	0.948958296088	0.411764705882	0.381362927337	0.369290095037	0.561935172979	1598	30.0	17	4436	2459	2.88255418917	4.37042102949	1.75335421117	2.75727820377	2.63457638245	2.23161244654	4.78371737402	2.63457638245	0.375
sample_1	hla_c	hla_c_06_02_01_01	hla_c_07_01_01_01	1606	0.677412390399	13	1607	1.00250776437	19.0	6	7	0.861495454838	0.40625	0.381362927337	0.369290095037	0.561935172979	1598	30.0	17	4436	2459	2.63457638245	4.12244322277	1.7219815864	2.78865082854	2.9032190064	2.23161244654	3.78590191365	2.63457638245	0.443902439024
sample_1	hla_c	hla_c_06_02_01_01	hla_c_07_01_01_01	1636	0.1468976737	12	1637	0.639937684981	19.0	8	9	0.428668642116	0.387096774194	0.381362927337	0.369290095037	0.561935172979	1598	30.0	17	4436	2459	1.686425945	3.01383655744	1.61302074984	2.8976116651	1.82864851062	2.23161244654	2.81367146509	2.63457638245	0.415384615385
sample_1	hla_c	hla_c_06_02_01_01	hla_c_07_01_01_01	1638	0.26237489112	13	1639	0.809862686423	19.0	8	8	0.561935172979	0.40625	0.381362927337	0.369290095037	0.561935172979	1598	30.0	17	4436	2459	2.03013047858	3.23902228633	1.7219815864	2.78865082854	2.03013047858	2.23161244654	3.23902228633	2.63457638245	0.40625
sample_1	hla_c	hla_c_06_02_01_01	hla_c_07_01_01_01	1756	0.392010171537	16	1757	0.00939414995045	15.0	9	11	0.194203388479	0.516129032258	0.1468976737	-0.0754947476361	0.327469919342	1748	27.0	18	3869	2543	1.98983408498	1.82864851062	1.90664153047	1.75065549076	2.27638621719	1.48325085126	1.60885000011	2.15101965935	0.565916398714
sample_1	hla_c	hla_c_06_02_01_01	hla_c_07_01_01_01	1810	0.327469919342	17	1811	0.809862686423	19.0	10	8	0.561935172979	0.472222222222	0.1468976737	-0.0754947476361	0.327469919342	1748	27.0	18	3869	2543	2.45548129982	2.81367146509	1.69432719864	1.96296982259	2.15101965935	1.48325085126	3.23902228633	2.15101965935	0.41717791411
sample_1	hla_c	hla_c_06_02_01_01	hla_c_07_01_01_01	1820	0.1468976737	12	1821	0.1468976737	15.0	8	10	0.1468976737	0.444444444444	0.1468976737	-0.0754947476361	0.327469919342	1748	27.0	18	3869	2543	1.56000588667	2.09729113456	1.56000588667	2.09729113456	1.82864851062	1.48325085126	1.82864851062	2.15101965935	0.5
sample_1	hla_c	hla_c_06_02_01_01	hla_c_07_01_01_01	1831	-0.300561303271	11	1832	-0.312533944937	12.0	10	11	-0.306820293743	0.478260869565	0.1468976737	-0.0754947476361	0.327469919342	1748	27.0	18	3869	2543	1.09947567419	1.25298574502	1.72352748385	1.93376953738	1.18390621315	1.48325085126	1.16925297911	2.15101965935	0.502074688797
sample_1	hla_c	hla_c_06_02_01_01	hla_c_07_01_01_01	1869	-0.438064827021	7	1870	0.436404290895	11.0	7	6	0.0314204562805	0.388888888889	0.1468976737	-0.0754947476361	0.327469919342	1748	27.0	18	3869	2543	1.14670954214	2.13862076902	1.29136326272	2.36593375851	1.02272063878	1.48325085126	2.36593375851	2.15101965935	0.352941176471
sample_1	hla_c	hla_c_06_02_01_01	hla_c_07_01_01_01	1898	-0.116136732133	10	1899	1.06443551351	17.0	8	6	0.509467753085	0.37037037037	0.0314204562805	-0.0230273277419	-0.215672405684	1898	18.0	13	1478	1082	1.7135159575	3.32537170117	1.06405027323	2.22128003792	1.4256845747	1.56000588667	3.97778950219	1.29136326272	0.30612244898
sample_1	hla_c	hla_c_06_02_01_01	hla_c_07_01_01_01	2075	-0.0754947476361	9	2076	-0.630709904963	7.0	7	8	-0.344955422629	0.5625	-0.0754947476361	-0.0230273277419	-0.215672405684	2048	18.0	14	1961	1638	1.34509178751	0.915263589199	1.74229909578	1.22420260674	1.48325085126	1.56000588667	0.821238670818	1.29136326272	0.595041322314
sample_1	hla_c	hla_c_06_02_01_01	hla_c_07_01_01_01	2118	-0.215672405684	7	2119	-0.175030421187	12.0	6	10	-0.190137313577	0.368421052632	-0.0754947476361	-0.0230273277419	-0.215672405684	2048	18.0	14	1961	1638	0.821238670818	1.82864851062	0.937886125952	2.02861557656	1.29136326272	1.56000588667	1.34509178751	1.29136326272	0.492957746479
sample_1	hla_c	hla_c_06_02_01_01	hla_c_07_01_01_01	2137	-0.701099232855	5	2138	-0.148558209826	11.0	6	9	-0.344955422629	0.3125	-0.0754947476361	-0.0230273277419	-0.215672405684	2048	18.0	14	1961	1638	0.485435390885	1.77491998583	0.706106117698	2.26039558482	0.754078014831	1.56000588667	1.38091080404	1.29136326272	0.405405405405
sample_1	hla_c	hla_c_06_02_01_01	hla_c_07_01_01_01	2166	-1.43806482702	3	2167	0.076508345809	10.0	6	7	-0.438064827021	0.230769230769	-0.0754947476361	-0.0230273277419	-0.215672405684	2048	18.0	14	1961	1638	0.154798315259	1.8906429623	0.367350721018	2.59915098149	0.216792766939	1.56000588667	1.7135159575	1.29136326272	0.259259259259
sample_1	hla_c	hla_c_06_02_01_01	hla_c_07_01_01_01	2168	-1.43806482702	3	2169	0.298900767145	10.0	6	6	-0.322587609601	0.230769230769	-0.0754947476361	-0.0230273277419	-0.215672405684	2048	18.0	14	1961	1638	0.216792766939	2.09729113456	0.367350721018	2.59915098149	0.216792766939	1.56000588667	2.09729113456	1.29136326272	0.230769230769
sample_1	hla_c	hla_c_06_02_01_01	hla_c_07_01_01_01	2173	-1.02302732774	4	2174	0.214011869559	11.0	6	7	-0.231613949553	0.266666666667	-0.0754947476361	-0.0230273277419	-0.215672405684	2048	18.0	14	1961	1638	0.402776121978	2.13862076902	0.51613740505	2.45036429746	0.485435390885	1.56000588667	1.94378106374	1.29136326272	0.297872340426
sample_1	hla_c	hla_c_06_02_01_01	hla_c_07_01_01_01	2249	-0.0230273277419	8	2253	0.076508345809	10.0	6	7	0.0314204562805	0.444444444444	0.224900185702	0.1468976737	0.256456318352	2198	19.0	12	1250	819	1.39468734886	1.8906429623	1.67940260842	2.24653703675	1.56000588667	1.82864851062	1.7135159575	2.01940710442	0.48275862069
sample_1	hla_c	hla_c_06_02_01_01	hla_c_07_01_01_01	2520	-1.43806482702	6	2524	0.298900767145	15.0	12	9	-0.438064827021	0.285714285714	-0.162430384407	-0.575568350771	0.1468976737	2498	23.0	19	2922	2504	0.331925320059	1.7135159575	0.525832777945	2.19828460221	0.216792766939	0.876188298443	2.09729113456	1.82864851062	0.230769230769
sample_1	hla_c	hla_c_06_02_01_01	hla_c_07_01_01_01	2533	-1.31253394494	6	2537	0.092449889678	13.0	11	9	-0.512065408465	0.315789473684	-0.162430384407	-0.575568350771	0.1468976737	2498	23.0	19	2922	2504	0.377978341306	1.50627736188	0.643197818244	2.08091956191	0.290058937106	0.876188298443	1.7391009693	1.82864851062	0.274111675127
sample_1	hla_c	hla_c_06_02_01_01	hla_c_07_01_01_01	2548	-0.800634906405	7	2552	0.0971298369249	14.5	9	10	-0.259727585762	0.325581395349	-0.162430384407	-0.575568350771	0.1468976737	2498	23.0	19	2922	2504	0.598548074652	1.87106576703	0.68140969183	2.04270768833	0.664530473516	0.876188298443	1.74666577931	1.82864851062	0.349262374079
sample_1	hla_c	hla_c_06_02_01_01	hla_c_07_01_01_01	2560	-0.897496445658	8	2566	-0.059553203767	13.0	11	10	-0.438064827021	0.380952380952	-0.162430384407	-0.575568350771	0.1468976737	2498	23.0	19	2922	2504	0.638945461711	1.40649581584	0.897488738893	1.82662864126	0.583123617774	0.876188298443	1.50627736188	1.82864851062	0.358744394619
sample_1	hla_c	hla_c_06_02_01_01	hla_c_07_01_01_01	2597	-0.438064827021	9	2603	0.076508345809	10.0	9	7	-0.190137313577	0.473684210526	-0.162430384407	-0.575568350771	0.1468976737	2498	23.0	19	2922	2504	1.22420260674	1.4256845747	1.25936427982	1.46475310034	1.02272063878	0.876188298443	1.7135159575	1.82864851062	0.411764705882
sample_1	hla_c	hla_c_06_02_01_01	hla_c_07_01_01_01	2869	-1.11613673213	10	2874	-0.438064827021	9.0	16	9	-0.833993503352	0.526315789474	-0.775099814298	-0.82508795013	-0.245419749078	2798	19.0	24	2935	3188	0.700349490042	0.571401030548	0.754078014831	0.619756702858	0.418274734898	0.643460463795	1.02272063878	1.25298574502	0.384615384615
sample_1	hla_c	hla_c_06_02_01_01	hla_c_07_01_01_01	2891	-1.06609604963	11	2896	-0.245419749078	8.0	17	7	-0.775099814298	0.578947368421	-0.775099814298	-0.82508795013	-0.245419749078	2798	19.0	24	2935	3188	0.888399326804	0.485435390885	0.888399326804	0.485435390885	0.453830376303	0.643460463795	1.25298574502	1.25298574502	0.361502347418
sample_1	hla_c	hla_c_06_02_01_01	hla_c_07_01_01_01	2894	-0.800634906405	14	2899	-0.438064827021	8.0	18	8	-0.679072926525	0.636363636364	-0.775099814298	-0.82508795013	-0.245419749078	2798	19.0	24	2935	3188	1.14670954214	0.402776121978	1.03493166714	0.338903050551	0.664530473516	0.643460463795	1.02272063878	1.25298574502	0.4375
sample_1	hla_c	hla_c_06_02_01_01	hla_c_07_01_01_01	2962	0.713938266424	20	2967	-0.215672405684	7.0	9	6	0.409932079534	0.740740740741	-0.116136732133	0.189966395592	-0.438064827021	2948	20.0	16	2555	1815	3.70914687824	0.915263589199	2.39578293895	0.455586210446	2.99276654772	1.90191468078	1.29136326272	1.02272063878	0.655737704918
sample_1	hla_c	hla_c_06_02_01_01	hla_c_07_01_01_01	3000	0.479473012787	17	3005	-0.438064827021	6.0	9	6	0.178606533428	0.739130434783	-0.116136732133	0.189966395592	-0.438064827021	2948	20.0	16	2555	1815	3.06440458077	0.700349490042	2.38929398668	0.462075162716	2.45548129982	1.90191468078	1.02272063878	1.02272063878	0.653846153846
sample_6	hla_a	hla_a_01_01_01_01	hla_a_24_03_01	1326	0.478375561884	10	1326	-1.1330591502	6.0	6	11	-0.346052873532	0.625	-0.470094137476	0.156447466997	-0.921555045004	1277	19.0	22	2398	2774	0.907813633487	-0.106578370454	0.698883462221	-0.231936473214	1.96447197093	1.24594430147	-0.452393826344	-0.266745528971	0.753424657534
sample_6	hla_a	hla_a_01_01_01_01	hla_a_24_03_01	1330	0.615879085634	11	1330	-1.1330591502	6.0	6	11	-0.258590032282	0.647058823529	-0.470094137476	0.156447466997	-0.921555045004	1277	19.0	22	2398	2774	1.16141163447	-0.106578370454	0.781014632995	-0.314067643988	2.32373580566	1.24594430147	-0.452393826344	-0.266745528971	0.770700636943
sample_6	hla_a	hla_a_01_01_01_01	hla_a_24_03_01	1389	0.200841586355	11	1389	-0.886621254895	11.0	8	17	-0.443014603419	0.5	-0.470094137476	0.156447466997	-0.921555045004	1277	19.0	22	2398	2774	0.268746671004	0.268746671004	0.233473494503	0.233473494503	1.33576026015	1.24594430147	-0.233377370947	-0.266745528971	0.68
sample_6	hla_a	hla_a_01_01_01_01	hla_a_24_03_01	1505	0.441849685859	13	1505	-0.548096649477	9.0	8	11	-0.0470859270881	0.590909090909	-0.114200122947	0.634494763802	-0.959029750423	1427	21.0	19	3187	3000	1.32157879299	0.413964894726	1.18749946711	0.32114074604	1.87465601224	2.37505921062	0.135492448668	-0.301653755828	0.66511627907
sample_6	hla_a	hla_a_01_01_01_01	hla_a_24_03_01	1509	0.634494763802	13	1509	-0.548096649477	9.0	7	11	0.0309165849132	0.590909090909	-0.114200122947	0.634494763802	-0.959029750423	1427	21.0	19	3187	3000	1.48545352462	0.527416632009	1.18749946711	0.32114074604	2.37505921062	2.37505921062	0.135492448668	-0.301653755828	0.694174757282
sample_6	hla_a	hla_a_01_01_01_01	hla_a_24_03_01	1516	0.519017546382	12	1516	-0.718021650919	8.0	7	11	-0.106586938837	0.6	-0.114200122947	0.634494763802	-0.959029750423	1427	21.0	19	3187	3000	1.24594430147	0.287907408856	1.23081740316	0.277822809987	2.06711878085	2.37505921062	-0.0604696430025	-0.301653755828	0.702127659574
sample_6	hla_a	hla_a_01_01_01_01	hla_a_24_03_01	1542	0.519017546382	12	1542	-0.910666728862	7.0	7	11	-0.180587520281	0.631578947368	-0.114200122947	0.634494763802	-0.959029750423	1427	21.0	19	3187	3000	1.24594430147	0.0483981857034	1.38129023366	0.127349979485	2.06711878085	2.37505921062	-0.256431734673	-0.301653755828	0.729281767956
sample_6	hla_a	hla_a_01_01_01_01	hla_a_24_03_01	1575	1.06333806261	15	1575	-1.71802165092	4.0	6	11	-0.0981253600886	0.789473684211	-0.114200122947	0.634494763802	-0.959029750423	1427	21.0	19	3187	3000	2.17580363841	-0.613774372425	2.13365438617	-0.625014173023	3.76079114457	2.37505921062	-0.844318009685	-0.301653755828	0.873015873016
sample_6	hla_a	hla_a_01_01_01_01	hla_a_24_03_01	1655	1.24391030825	17	1655	-1.18458945084	10.0	6	19	-0.147558719893	0.62962962963	0.207073540067	1.1819825591	-1.16548062789	1577	29.0	21	2974	2726	1.30342651502	0.096300030334	2.12034305266	0.57683917012	4.47931881403	4.22270178922	-0.493649003537	-0.478522105233	0.843342036554
sample_6	hla_a	hla_a_01_01_01_01	hla_a_24_03_01	1698	0.893413061163	20	1698	-0.744016859452	10.0	9	14	0.12473860727	0.666666666667	0.207073540067	1.1819825591	-1.16548062789	1577	29.0	21	2974	2726	2.1206736382	0.246253630917	2.34084360731	0.356338615471	3.16201808669	4.22270178922	-0.0884642275268	-0.478522105233	0.756756756757
sample_6	hla_a	hla_a_01_01_01_01	hla_a_24_03_01	1808	0.81179929561	21	1808	-0.396093556032	10.0	10	11	0.303288855326	0.677419354839	0.326372468439	0.808669800374	-0.396093556032	1727	30.0	20	4335	3002	2.68299964038	0.424769822086	2.75253457614	0.457881696255	2.89855794122	2.88874920961	0.331454540339	0.331454540339	0.697885196375
sample_6	hla_a	hla_a_01_01_01_01	hla_a_24_03_01	1922	0.615879085634	11	1922	-0.428515033724	8.0	6	9	0.0824468855533	0.578947368421	0.255983140548	0.519017546382	-0.258590032282	1877	20.0	14	1576	1226	1.53335536925	0.671122165901	1.93745965253	0.9650161901	2.32373580566	2.06711878085	0.287907408856	0.527416632009	0.673469387755
sample_6	hla_a	hla_a_01_01_01_01	hla_a_24_03_01	2057	-0.0361976109454	14	2057	-1.25859003228	4.0	12	8	-0.410593125727	0.777777777778	-0.258590032282	0.0309165849132	-0.621160111667	2027	18.0	18	2367	2344	1.38964983536	-0.765933173016	1.72496274777	-0.670129483755	0.886680466738	1.00643507831	-0.550374872179	0.0483981857034	0.7
sample_6	hla_a	hla_a_01_01_01_01	hla_a_24_03_01	2069	-0.384120914366	11	2069	-1.06594495434	4.0	12	7	-0.599626950117	0.733333333333	-0.258590032282	0.0309165849132	-0.621160111667	2027	18.0	18	2367	2344	0.867771843858	-0.720552478103	1.53335536925	-0.478522105233	0.347784714644	1.00643507831	-0.396404657295	0.0483981857034	0.616
sample_6	hla_a	hla_a_01_01_01_01	hla_a_24_03_01	2251	0.393486664298	11	2251	-0.258590032282	6.0	7	6	0.128433090827	0.647058823529	0.0409702495771	0.45625210534	-0.521624438116	2177	16.0	13	1510	1127	2.01974333012	0.361602554442	1.8051604062	0.244557323218	1.75917835108	1.90979980404	0.527416632009	0.16815279728	0.611111111111
sample_6	hla_a	hla_a_01_01_01_01	hla_a_24_03_01	2252	0.393486664298	11	2252	-0.258590032282	6.0	7	6	0.128433090827	0.647058823529	0.0409702495771	0.45625210534	-0.521624438116	2177	16.0	13	1510	1127	2.01974333012	0.361602554442	1.8051604062	0.244557323218	1.75917835108	1.90979980404	0.527416632009	0.16815279728	0.611111111111
sample_6	hla_a	hla_a_01_01_01_01	hla_a_24_03_01	2339	0.255983140548	10	2339	0.103980047103	9.0	7	7	0.181982559104	0.526315789474	-0.0106625188382	0.378839888333	-1.03619761095	2327	19.0	16	2332	2378	1.45123792131	1.14329749155	1.0663123841	0.796864508056	1.45123792131	1.72496274777	1.14329749155	-0.370742954814	0.526315789474
sample_6	hla_a	hla_a_01_01_01_01	hla_a_24_03_01	2357	-0.106586938837	10	2357	-1.10658693884	5.0	9	9	-0.521624438116	0.666666666667	-0.0106625188382	0.378839888333	-1.03619761095	2327	19.0	16	2332	2378	0.766925855162	-0.430620260602	1.78484005356	0.0783368385975	0.766925855162	1.72496274777	-0.430620260602	-0.370742954814	0.666666666667
sample_6	hla_a	hla_a_01_01_01_01	hla_a_24_03_01	2464	0.741409967718	12	2464	-0.621160111667	7.0	6	9	0.0824468855533	0.631578947368	-0.0106625188382	0.378839888333	-1.03619761095	2327	19.0	16	2332	2378	1.82076643703	0.383711098117	1.6052081362	0.257968755962	2.68299964038	1.72496274777	0.0483981857034	-0.370742954814	0.72
sample_6	hla_a	hla_a_01_01_01_01	hla_a_24_03_01	2533	-0.384120914366	11	2533	-2.06594495434	2.0	12	7	-0.806077827584	0.846153846154	-0.341052192474	-0.133059150198	-0.793784696228	2477	17.0	18	2570	2554	0.867771843858	-1.17435942723	1.81708167976	-1.00175763889	0.347784714644	0.72337872368	-1.01228551683	-0.140672781983	0.762376237624
sample_6	hla_a	hla_a_01_01_01_01	hla_a_24_03_01	2535	-0.258590032282	12	2535	-2.25859003228	2.0	12	8	-0.773163205112	0.857142857143	-0.341052192474	-0.133059150198	-0.793784696228	2477	17.0	18	2570	2554	0.958533233684	-1.19704977469	1.861825161	-1.04650112014	0.527416632009	0.72337872368	-1.08927062427	-0.140672781983	0.8
sample_6	hla_a	hla_a_01_01_01_01	hla_a_24_03_01	2565	-0.0361976109454	14	2565	-1.25859003228	4.0	12	8	-0.410593125727	0.777777777778	-0.341052192474	-0.133059150198	-0.793784696228	2477	17.0	18	2570	2554	1.38964983536	-0.765933173016	1.53867779643	-0.723353755567	0.886680466738	0.72337872368	-0.550374872179	-0.140672781983	0.7
sample_6	hla_a	hla_a_01_01_01_01	hla_a_24_03_01	2620	1.06333806261	15	2620	-0.451235110224	7.0	6	8	0.393486664298	0.681818181818	-0.341052192474	-0.133059150198	-0.793784696228	2477	17.0	18	2570	2554	2.99094007015	0.527416632009	1.14796325563	-0.332639214767	3.76079114457	0.72337872368	0.257968755962	-0.140672781983	0.740740740741
sample_6	hla_a	hla_a_01_01_01_01	hla_a_24_03_01	2627	0.934055045661	16	2627	-0.0659449543394	8.0	7	7	0.519017546382	0.666666666667	0.354386844609	0.658947807526	-0.0886650308395	2627	26.0	17	3729	2701	3.29888049992	0.835357061777	2.76753230738	0.569682965507	3.29888049992	2.44349041723	0.835357061777	0.796864508056	0.666666666667
sample_6	hla_a	hla_a_01_01_01_01	hla_a_24_03_01	2639	1.1039800471	18	2639	0.326372468439	9.0	7	6	0.795857751741	0.666666666667	0.354386844609	0.658947807526	-0.0886650308395	2627	26.0	17	3729	2701	4.34114041606	1.35648701985	2.76753230738	0.569682965507	3.91476135946	2.44349041723	1.6052081362	0.796864508056	0.631578947368
sample_6	hla_a	hla_a_01_01_01_01	hla_a_24_03_01	2651	1.24391030825	17	2651	0.326372468439	9.0	6	6	0.856887185138	0.653846153846	0.354386844609	0.658947807526	-0.0886650308395	2627	26.0	17	3729	2701	4.47931881403	1.6052081362	2.68299964038	0.654215632502	4.47931881403	2.44349041723	1.6052081362	0.796864508056	0.653846153846
sample_6	hla_a	hla_a_01_01_01_01	hla_a_24_03_01	2658	1.24391030825	17	2658	0.103980047103	9.0	6	7	0.741409967718	0.653846153846	0.354386844609	0.658947807526	-0.0886650308395	2627	26.0	17	3729	2701	4.00951226092	1.35648701985	2.68299964038	0.654215632502	4.47931881403	2.44349041723	1.14329749155	0.796864508056	0.687861271676
sample_6	hla_a	hla_a_01_01_01_01	hla_a_24_03_01	2684	1.1039800471	18	2684	0.326372468439	9.0	7	6	0.795857751741	0.666666666667	0.354386844609	0.658947807526	-0.0886650308395	2627	26.0	17	3729	2701	4.34114041606	1.35648701985	2.76753230738	0.569682965507	3.91476135946	2.44349041723	1.6052081362	0.796864508056	0.631578947368
sample_6	hla_a	hla_a_01_01_01_01	hla_a_24_03_01	2823	0.0824468855533	19	2823	-1.25859003228	6.0	15	12	-0.369621344671	0.76	-0.317483721335	0.404374980441	-1.843552533	2777	24.0	25	3321	3627	1.4056171169	-0.670129483755	1.51726034946	-0.634873726107	1.10223876758	1.78484005356	-0.550374872179	-0.909638706908	0.716981132075
sample_6	hla_a	hla_a_01_01_01_01	hla_a_24_03_01	2827	0.326372468439	18	2827	-1.1330591502	6.0	12	11	-0.197189487618	0.75	-0.317483721335	0.404374980441	-1.843552533	2777	24.0	25	3321	3627	1.74578963674	-0.503514371997	1.47587315569	-0.593486532346	1.6052081362	1.78484005356	-0.452393826344	-0.909638706908	0.733333333333
sample_6	hla_a	hla_a_01_01_01_01	hla_a_24_03_01	2909	1.09504692233	23	2909	-1.58051812717	4.0	9	10	0.248369956438	0.851851851852	-0.317483721335	0.404374980441	-1.843552533	2777	24.0	25	3321	3627	3.59061353865	-0.720552478103	1.89740938844	-1.0150227651	3.88054575615	1.78484005356	-0.765933173016	-0.909638706908	0.864661654135
sample_6	hla_a	hla_a_01_01_01_01	hla_a_24_03_01	3069	0.658947807526	17	3069	-0.258590032282	8.0	9	8	0.297803316243	0.68	0.326372468439	0.641397663564	-0.0886650308395	2927	21.0	14	2691	1922	2.68299964038	0.400617631516	2.76922296072	0.441193311674	2.44349041723	2.39425944349	0.527416632009	0.796864508056	0.653846153846
sample_6	hla_a	hla_a_01_01_01_01	hla_a_24_03_01	3108	0.441849685859	13	3108	-0.548096649477	9.0	8	11	-0.0470859270881	0.590909090909	-0.843552533003	-0.258590032282	-1.74401685945	3077	14.0	21	2276	3151	1.32157879299	0.413964894726	0.0701717514446	-0.452393826344	1.87465601224	0.527416632009	0.135492448668	-0.858315301947	0.66511627907
sample_6	hla_a	hla_a_01_01_01_01	hla_a_24_03_01	3142	-0.580518127169	8	3142	-1.74401685945	5.0	10	14	-1.14311281486	0.615384615385	-0.843552533003	-0.258590032282	-1.74401685945	3077	14.0	21	2276	3151	-0.191111037449	-0.730006789543	0.140517117685	-0.522739192584	0.096300030334	0.527416632009	-0.858315301947	-0.858315301947	0.691358024691
sample_6	hla_a	hla_a_01_01_01_01	hla_a_24_03_01	3162	-0.621160111667	7	3162	-2.16548062789	4.0	9	15	-1.38412091437	0.636363636364	-0.843552533003	-0.258590032282	-1.74401685945	3077	14.0	21	2276	3151	-0.370742954814	-0.909638706908	0.200813145892	-0.583035220791	0.0483981857034	0.527416632009	-1.0533442408	-0.858315301947	0.744680851064
sample_6	hla_a	hla_a_01_01_01_01	hla_a_24_03_01	3163	-0.621160111667	7	3163	-2.06594495434	4.0	9	14	-1.3227203697	0.636363636364	-0.843552533003	-0.258590032282	-1.74401685945	3077	14.0	21	2276	3151	-0.316072371268	-0.878398373453	0.200813145892	-0.583035220791	0.0483981857034	0.527416632009	-1.01228551683	-0.858315301947	0.731343283582
sample_6	hla_a	hla_a_01_01_01_01	hla_a_24_03_01	3172	-0.621160111667	7	3172	-1.63710165554	5.0	9	13	-1.1330591502	0.583333333333	-0.843552533003	-0.258590032282	-1.74401685945	3077	14.0	21	2276	3151	-0.256431734673	-0.648355918014	0.0483981857034	-0.430620260602	0.0483981857034	0.527416632009	-0.79909598853	-0.858315301947	0.669117647059
sample_6	hla_a	hla_a_01_01_01_01	hla_a_24_03_01	3185	-0.428515033724	8	3185	-1.843552533	4.0	9	12	-1.06594495434	0.666666666667	-0.843552533003	-0.258590032282	-1.74401685945	3077	14.0	21	2276	3151	0.0141825823958	-0.806991896985	0.287907408856	-0.670129483755	0.287907408856	0.527416632009	-0.909638706908	-0.858315301947	0.727272727273
sample_6	hla_b	hla_b_49_01_01	hla_b_55_02_01	1519	-0.480982453618	18	1514	0.0950469223329	23.0	21	18	-0.186440246526	0.439024390244	-0.0241247786448	-0.506517545725	0.419481872831	1432	40.0	34	5800	5184	0.361602554442	0.914316146333	0.598547778627	1.21707948835	0.219476202241	0.18706142016	1.12618968989	1.82076643703	0.401486988848
sample_6	hla_b	hla_b_49_01_01	hla_b_55_02_01	1669	-1.34605287353	8	1664	0.0784449549958	24.0	17	19	-0.428515033724	0.25	-0.121086508532	-1.02412477864	0.419481872831	1582	33.0	30	5299	4651	-0.670129483755	1.24594430147	-0.44259572176	1.92854558745	-0.613774372425	-0.36017637144	1.09467531842	1.82076643703	0.271428571429
sample_6	hla_b	hla_b_49_01_01	hla_b_55_02_01	1812	-0.151674828365	14	1807	0.103980047103	18.0	13	14	-0.0134775344453	0.4375	0.0853643689355	0.181982559104	0.0893332711385	1732	33.0	26	4640	3487	0.607253039727	1.24594430147	0.765774368512	1.44975743848	0.693230709576	1.29726770643	1.14329749155	1.11530290702	0.455813953488
sample_6	hla_b	hla_b_49_01_01	hla_b_55_02_01	1873	0.741409967718	12	1868	0.0893332711385	14.0	6	11	0.354386844609	0.461538461538	0.0853643689355	0.181982559104	0.0893332711385	1732	33.0	26	4640	3487	1.41500963546	1.92220563743	0.897309574275	1.31822223272	2.68299964038	1.29726770643	1.11530290702	1.11530290702	0.611111111111
sample_6	hla_b	hla_b_49_01_01	hla_b_55_02_01	1993	-1.48098245362	3	1988	-0.258590032282	8.0	7	8	-0.706049009253	0.272727272727	-0.673627531561	-1.48098245362	-0.258590032282	1882	12.0	16	1639	2164	-0.765933173016	0.671122165901	-0.746336963849	0.72337872368	-0.704345087063	-0.704345087063	0.527416632009	0.527416632009	0.3
sample_6	hla_b	hla_b_49_01_01	hla_b_55_02_01	2161	-2.06594495434	2	2156	1.06333806261	15.0	7	6	0.128433090827	0.117647058824	-0.439162277924	-1.39609355603	0.255983140548	2032	15.0	17	1513	1971	-0.964910066097	3.34625595065	-1.18064049227	1.72827775432	-1.01228551683	-0.648355918014	3.76079114457	1.45123792131	0.102564102564
sample_6	hla_b	hla_b_49_01_01	hla_b_55_02_01	2217	-0.621160111667	7	2212	0.658947807526	17.0	9	9	0.156447466997	0.291666666667	0.238909627189	-0.410593125727	0.589406874273	2182	24.0	17	3297	2466	0.0483981857034	2.44349041723	0.147019630531	2.68299964038	0.0483981857034	0.311858331172	2.44349041723	2.25188303871	0.291666666667
sample_6	hla_b	hla_b_49_01_01	hla_b_55_02_01	2470	-1.67362753156	6	2465	0.326372468439	12.0	16	8	-0.673627531561	0.333333333333	-0.87526139273	-1.76109037281	0.103980047103	2332	15.0	23	2135	3266	-0.550374872179	0.527416632009	-0.690956372725	0.246253630917	-0.819822748226	-0.867372373411	1.6052081362	1.14329749155	0.2
sample_6	hla_b	hla_b_49_01_01	hla_b_55_02_01	2575	-1.71802165092	4	2570	0.667409386274	19.0	11	10	-0.127345499004	0.173913043478	-0.38983456556	-1.843552533	0.589406874273	2482	21.0	23	2743	3052	-0.806991896985	2.27241240069	-0.943595591098	1.62354485366	-0.844318009685	-0.909638706908	2.46744133955	2.25188303871	0.160642570281
sample_6	hla_b	hla_b_49_01_01	hla_b_55_02_01	2715	-2.1330591502	3	2710	-1.39609355603	5.0	11	11	-1.71802165092	0.375	-1.33659254428	-1.843552533	-1.1330591502	2632	9.0	19	1291	2914	-1.04028010136	-0.648355918014	-0.862367149707	-0.351834331934	-1.04028010136	-0.909638706908	-0.648355918014	-0.452393826344	0.375
sample_6	hla_c	hla_c_06_02_01_01	hla_c_07_01_01_01	1366	0.419481872831	16	1367	-1.843552533	3.0	10	9	-0.258590032282	0.842105263158	-0.0569561711122	0.426384772593	-0.843552533003	1298	23.0	20	2751	2582	2.00228921669	-0.947455952669	2.54685755565	-0.845349389114	1.82076643703	1.83730817612	-0.909638706908	-0.191111037449	0.827586206897
sample_6	hla_c	hla_c_06_02_01_01	hla_c_07_01_01_01	1369	0.658947807526	17	1370	-1.843552533	3.0	9	9	-0.106586938837	0.85	-0.0569561711122	0.426384772593	-0.843552533003	1298	23.0	20	2751	2582	2.44349041723	-0.909638706908	2.58599840501	-0.884490238477	2.44349041723	1.83730817612	-0.909638706908	-0.191111037449	0.85
sample_6	hla_c	hla_c_06_02_01_01	hla_c_07_01_01_01	1400	0.326372468439	18	1401	-0.580518127169	8.0	12	10	-0.017581932778	0.692307692308	-0.0569561711122	0.426384772593	-0.843552533003	1298	23.0	20	2751	2582	1.8991512737	-0.0604696430025	1.80418502928	-0.102676862747	1.6052081362	1.83730817612	0.096300030334	-0.191111037449	0.652173913043
sample_6	hla_c	hla_c_06_02_01_01	hla_c_07_01_01_01	1466	0.188868944689	15	1467	-0.580518127169	8.0	11	10	-0.127345499004	0.652173913043	-0.222966122551	0.326372468439	-0.843552533003	1448	20.5	20	2615	2539	1.45123792131	0.0141825823958	1.25375438483	-0.0911419703944	1.31126499869	1.6052081362	0.096300030334	-0.191111037449	0.63025210084
sample_6	hla_c	hla_c_06_02_01_01	hla_c_07_01_01_01	1467	0.188868944689	15	1468	-0.718021650919	8.0	11	11	-0.194459694862	0.652173913043	-0.222966122551	0.326372468439	-0.843552533003	1448	20.5	20	2615	2539	1.31126499869	-0.0604696430025	1.25375438483	-0.0911419703944	1.31126499869	1.6052081362	-0.0604696430025	-0.191111037449	0.652173913043
sample_6	hla_c	hla_c_06_02_01_01	hla_c_07_01_01_01	1515	-0.133059150198	12	1516	-1.843552533	4.0	11	12	-0.782151988339	0.75	-0.222966122551	0.326372468439	-0.843552533003	1448	20.5	20	2615	2539	0.621137632373	-0.878398373453	1.68604249901	-0.523430084574	0.72337872368	1.6052081362	-0.909638706908	-0.191111037449	0.765957446809
sample_6	hla_c	hla_c_06_02_01_01	hla_c_07_01_01_01	1604	0.840945641269	15	1605	-0.258590032282	6.0	7	6	0.433287672356	0.714285714286	0.0462645492466	0.741409967718	-0.451235110224	1598	21.0	17	3481	2459	3.34625595065	0.361602554442	2.17580363841	-0.106578370454	2.99094007015	2.68299964038	0.527416632009	0.257968755962	0.681818181818
sample_6	hla_c	hla_c_06_02_01_01	hla_c_07_01_01_01	1606	1.06333806261	15	1607	-0.258590032282	7.0	6	7	0.500401868214	0.681818181818	0.0462645492466	0.741409967718	-0.451235110224	1598	21.0	17	3481	2459	3.34625595065	0.693230709576	2.00289591047	0.0663293574902	3.76079114457	2.68299964038	0.527416632009	0.257968755962	0.714285714286
sample_6	hla_c	hla_c_06_02_01_01	hla_c_07_01_01_01	1636	0.548764889776	14	1637	-0.621160111667	7.0	8	9	0.0462645492466	0.666666666667	0.0462645492466	0.741409967718	-0.451235110224	1598	21.0	17	3481	2459	1.92220563743	0.147019630531	1.92220563743	0.147019630531	2.14410388829	2.68299964038	0.0483981857034	0.257968755962	0.692307692308
sample_6	hla_c	hla_c_06_02_01_01	hla_c_07_01_01_01	1638	0.548764889776	14	1639	-0.451235110224	7.0	8	8	0.133727390497	0.666666666667	0.0462645492466	0.741409967718	-0.451235110224	1598	21.0	17	3481	2459	2.14410388829	0.257968755962	1.92220563743	0.147019630531	2.14410388829	2.68299964038	0.257968755962	0.257968755962	0.666666666667
sample_6	hla_c	hla_c_06_02_01_01	hla_c_07_01_01_01	1756	1.32637246844	27	1757	-0.718021650919	8.0	9	11	0.548764889776	0.771428571429	0.271924684417	0.911334969161	-0.773163205112	1748	26.0	18	4013	2543	4.19190774625	0.096300030334	3.17570432801	-0.204797278772	4.83858264876	3.22189539248	-0.0604696430025	-0.119258270504	0.80487804878
sample_6	hla_c	hla_c_06_02_01_01	hla_c_07_01_01_01	1810	0.667409386274	19	1811	-0.451235110224	7.0	10	8	0.271924684417	0.730769230769	0.271924684417	0.911334969161	-0.773163205112	1748	26.0	18	4013	2543	2.92250886354	0.0483981857034	2.92250886354	0.0483981857034	2.46744133955	3.22189539248	0.257968755962	-0.119258270504	0.684684684685
sample_6	hla_c	hla_c_06_02_01_01	hla_c_07_01_01_01	1820	0.828872808969	17	1821	-1.25859003228	5.0	8	10	0.0309165849132	0.772727272727	0.271924684417	0.911334969161	-0.773163205112	1748	26.0	18	4013	2543	2.44349041723	-0.430620260602	3.18379165243	-0.212884603191	2.95244751643	3.22189539248	-0.550374872179	-0.119258270504	0.809523809524
sample_6	hla_c	hla_c_06_02_01_01	hla_c_07_01_01_01	1831	0.506944714081	17	1832	-1.71802165092	4.0	10	11	-0.258590032282	0.809523809524	0.271924684417	0.911334969161	-0.773163205112	1748	26.0	18	4013	2543	1.861825161	-0.806991896985	3.41293251095	-0.442025461705	2.03632473787	3.22189539248	-0.844318009685	-0.119258270504	0.823788546256
sample_6	hla_c	hla_c_06_02_01_01	hla_c_07_01_01_01	1869	0.634494763802	13	1870	-0.0361976109454	7.0	7	6	0.362898344464	0.65	0.271924684417	0.911334969161	-0.773163205112	1748	26.0	18	4013	2543	2.68299964038	0.693230709576	2.41953949492	0.551367554324	2.37505921062	3.22189539248	0.886680466738	-0.119258270504	0.614173228346
sample_6	hla_c	hla_c_06_02_01_01	hla_c_07_01_01_01	1898	0.989337481162	19	1899	0.326372468439	9.0	8	6	0.741409967718	0.678571428571	0.625932750298	1.156447467	-0.936661937394	1898	24.0	13	1549	1082	4.22270178922	1.14329749155	3.77263500726	0.930107963244	3.49134326853	4.1200549793	1.6052081362	-0.280926996132	0.612903225806
sample_6	hla_c	hla_c_06_02_01_01	hla_c_07_01_01_01	2075	1.1039800471	18	2076	-0.673627531561	6.0	7	8	0.419481872831	0.75	0.326372468439	1.06333806261	-0.744016859452	2048	21.0	14	1942	1638	3.54523284374	0.096300030334	3.22189539248	-0.0114791200848	3.91476135946	3.76079114457	-0.0114791200848	-0.0884642275268	0.774193548387
sample_6	hla_c	hla_c_06_02_01_01	hla_c_07_01_01_01	2118	1.06333806261	15	2119	-0.995555626448	6.0	6	10	0.133727390497	0.714285714286	0.326372468439	1.06333806261	-0.744016859452	2048	21.0	14	1942	1638	2.41355176434	-0.0114791200848	2.99094007015	0.219476202241	3.76079114457	3.76079114457	-0.334816571341	-0.0884642275268	0.806451612903
sample_6	hla_c	hla_c_06_02_01_01	hla_c_07_01_01_01	2137	1.156447467	16	2138	-0.843552533003	6.0	6	9	0.293950990747	0.727272727273	0.326372468439	1.06333806261	-0.744016859452	2048	21.0	14	1942	1638	2.97041070817	0.096300030334	3.07492382373	0.135492448668	4.1200549793	3.76079114457	-0.191111037449	-0.0884642275268	0.8
sample_6	hla_c	hla_c_06_02_01_01	hla_c_07_01_01_01	2166	0.615879085634	11	2167	-1.06594495434	4.0	6	7	-0.0521391548144	0.733333333333	0.326372468439	1.06333806261	-0.744016859452	2048	21.0	14	1942	1638	2.01974333012	-0.301653755828	3.11411624206	0.096300030334	2.32373580566	3.76079114457	-0.396404657295	-0.0884642275268	0.762376237624
sample_6	hla_c	hla_c_06_02_01_01	hla_c_07_01_01_01	2168	0.615879085634	11	2169	-0.843552533003	4.0	6	6	0.0633380626056	0.733333333333	0.326372468439	1.06333806261	-0.744016859452	2048	21.0	14	1942	1638	2.32373580566	-0.191111037449	3.11411624206	0.096300030334	2.32373580566	3.76079114457	-0.191111037449	-0.0884642275268	0.733333333333
sample_6	hla_c	hla_c_06_02_01_01	hla_c_07_01_01_01	2173	0.478375561884	10	2174	-0.744016859452	5.0	6	7	-0.0521391548144	0.666666666667	0.326372468439	1.06333806261	-0.744016859452	2048	21.0	14	1942	1638	1.68811517498	0.029974399307	2.68299964038	0.527416632009	1.96447197093	3.76079114457	-0.0884642275268	-0.0884642275268	0.7
sample_6	hla_c	hla_c_06_02_01_01	hla_c_07_01_01_01	2249	0.963802389055	14	2253	0.103980047103	9.0	6	7	0.564532205634	0.608695652174	0.680009423054	0.963802389055	0.156447466997	2198	23.0	12	1130	819	3.01462779552	1.35648701985	3.40152730984	1.6052081362	3.40152730984	3.40152730984	1.14329749155	1.24594430147	0.644736842105
sample_6	hla_c	hla_c_06_02_01_01	hla_c_07_01_01_01	2520	-0.143112814862	13	2524	-0.258590032282	9.0	12	9	-0.191475836423	0.590909090909	-0.599626950117	-0.428515033724	-0.877109630932	2498	15.0	19	2149	2504	1.04065068162	0.219476202241	0.383023511831	-0.235804146076	0.707048549374	0.287907408856	0.527416632009	-0.224151208919	0.52
sample_6	hla_c	hla_c_06_02_01_01	hla_c_07_01_01_01	2533	-0.548096649477	9	2537	-0.428515033724	8.0	11	9	-0.493055285919	0.529411764706	-0.599626950117	-0.428515033724	-0.877109630932	2498	15.0	19	2149	2504	0.311858331172	0.096300030334	0.173714156951	-0.0264947911958	0.135492448668	0.287907408856	0.287907408856	-0.224151208919	0.479289940828
sample_6	hla_c	hla_c_06_02_01_01	hla_c_07_01_01_01	2548	-0.258590032282	9	2552	-0.995555626448	6.0	9	10	-0.599626950117	0.6	-0.599626950117	-0.428515033724	-0.877109630932	2498	15.0	19	2149	2504	0.413964894726	-0.266745528971	0.413964894726	-0.266745528971	0.527416632009	0.287907408856	-0.334816571341	-0.224151208919	0.625
sample_6	hla_c	hla_c_06_02_01_01	hla_c_07_01_01_01	2560	-1.39609355603	5	2566	-1.99555562645	3.0	11	10	-1.65090745506	0.625	-0.599626950117	-0.428515033724	-0.877109630932	2498	15.0	19	2149	2504	-0.60169827714	-1.01228551683	0.499053697688	-0.351834331934	-0.648355918014	0.287907408856	-0.981491473854	-0.224151208919	0.602409638554
sample_6	hla_c	hla_c_06_02_01_01	hla_c_07_01_01_01	2597	-0.621160111667	7	2603	-1.06594495434	4.0	9	7	-0.799158413645	0.636363636364	-0.599626950117	-0.428515033724	-0.877109630932	2498	15.0	19	2149	2504	0.257968755962	-0.550374872179	0.537730426308	-0.390511060553	0.0483981857034	0.287907408856	-0.396404657295	-0.224151208919	0.576470588235
sample_6	hla_c	hla_c_06_02_01_01	hla_c_07_01_01_01	2869	0.326372468439	24	2874	-0.428515033724	8.0	16	9	0.0975537779435	0.75	0.156447466997	0.385266157493	-0.451235110224	2798	32.0	24	4406	3188	2.51055299971	-0.248593251006	2.68299964038	-0.191111037449	1.6052081362	1.73993207422	0.287907408856	0.257968755962	0.627906976744
sample_6	hla_c	hla_c_06_02_01_01	hla_c_07_01_01_01	2891	0.113378745105	22	2896	-0.0659449543394	8.0	17	7	0.0633380626056	0.733333333333	0.156447466997	0.385266157493	-0.451235110224	2798	32.0	24	4406	3188	2.32373580566	-0.191111037449	2.58719595112	-0.0953073481883	1.16141163447	1.73993207422	0.835357061777	0.257968755962	0.531034482759
sample_6	hla_c	hla_c_06_02_01_01	hla_c_07_01_01_01	2894	0.0950469223329	23	2899	0.0633380626056	10.0	18	8	0.0853643689355	0.69696969697	0.156447466997	0.385266157493	-0.451235110224	2798	32.0	24	4406	3188	2.18555740768	0.029974399307	2.37816972001	0.113718882927	1.12618968989	1.73993207422	1.0663123841	0.257968755962	0.505494505495
sample_6	hla_c	hla_c_06_02_01_01	hla_c_07_01_01_01	2962	0.478375561884	15	2967	-0.521624438116	5.0	9	6	0.156447466997	0.75	-0.451235110224	-0.0886650308395	-0.843552533003	2948	14.0	16	1885	1815	2.68299964038	-0.191111037449	1.20103632213	-0.685098810202	1.96447197093	0.796864508056	0.16815279728	-0.191111037449	0.666666666667
sample_6	hla_c	hla_c_06_02_01_01	hla_c_07_01_01_01	3000	-0.106586938837	10	3005	-0.843552533003	4.0	9	6	-0.358125705833	0.714285714286	-0.451235110224	-0.0886650308395	-0.843552533003	2948	14.0	16	1885	1815	1.24594430147	-0.478522105233	1.0663123841	-0.550374872179	0.766925855162	0.796864508056	-0.191111037449	-0.191111037449	0.625
